time,signal
0.0,1.2112530133859758
0.004001600640256103,1.119581352135399
0.008003201280512205,0.9018459197024017
0.012004801920768308,0.4778454329385249
0.01600640256102441,0.24881819754464488
0.020008003201280513,0.10778610635213826
0.024009603841536616,0.013211207078512602
0.028011204481792718,-0.2794219320695214
0.03201280512204882,-0.2823314660445659
0.03601440576230493,-0.1534674021032655
0.040016006402561026,-0.24653501995806196
0.044017607042817125,-0.2973383195871322
0.04801920768307323,-0.17804014868606324
0.05202080832332934,-0.2108201703266237
0.056022408963585436,-0.2752221566557817
0.060024009603841535,-0.19287640823313085
0.06402561024409764,-0.33415401626480085
0.06802721088435375,-0.16782177129349268
0.07202881152460985,-0.0046358976664393065
0.07603041216486595,-0.20641436445584596
0.08003201280512205,-0.13584350947470658
0.08403361344537816,-0.04930200633667909
0.08803521408563425,0.0655980400873395
0.09203681472589036,-0.008000402773834021
0.09603841536614646,0.010735928712995085
0.10004001600640257,0.11376951676204793
0.10404161664665867,0.09307204437546004
0.10804321728691477,0.02265667080948996
0.11204481792717087,0.02853146652413916
0.11604641856742698,0.13554514147968721
0.12004801920768307,0.09613639504474657
0.12404961984793918,0.09789929077188492
0.12805122048819528,0.11612336076051373
0.13205282112845138,0.14665197676102398
0.1360544217687075,0.1972966562133638
0.1400560224089636,0.3314908093058716
0.1440576230492197,0.1344865336837988
0.1480592236894758,0.20930310895102966
0.1520608243297319,0.2366303819557636
0.156062424969988,0.23812588601479834
0.1600640256102441,0.25023207077916054
0.1640656262505002,0.27005297421207936
0.16806722689075632,0.37108537346163145
0.1720688275310124,0.3675513740376832
0.1760704281712685,0.23813980070687144
0.18007202881152462,0.3628763529194097
0.1840736294517807,0.3654177852447481
0.18807523009203683,0.37615464315563113
0.19207683073229292,0.4210832511230684
0.19607843137254902,0.3901583824095867
0.20008003201280514,0.5083495293150987
0.20408163265306123,0.45549631446130945
0.20808323329331735,0.36577087074849557
0.21208483393357344,0.3634964894615507
0.21608643457382953,0.27104980388281663
0.22008803521408565,0.4443643552283542
0.22408963585434175,0.34398953583427927
0.22809123649459784,0.3429537388580282
0.23209283713485396,0.32139725666395996
0.23609443777511005,0.3771183263374447
0.24009603841536614,0.3121750956314499
0.24409763905562226,0.22786383806441005
0.24809923969587835,0.30971776825893677
0.25210084033613445,0.29534174262125196
0.25610244097639057,0.30330554902071627
0.2601040416166467,0.18260009631504198
0.26410564225690275,0.22025268107546864
0.26810724289715887,0.23848987572663022
0.272108843537415,0.2168003594369581
0.27611044417767105,0.18576999429643118
0.2801120448179272,0.09645687651536888
0.2841136454581833,0.21317668092885966
0.2881152460984394,0.2656742136049819
0.2921168467386955,0.2965303945256129
0.2961184473789516,0.1105897897653103
0.3001200480192077,0.1683064890682697
0.3041216486594638,0.246253937949457
0.3081232492997199,0.19566687744348657
0.312124849939976,0.15929068518739406
0.3161264505802321,0.10583162340614255
0.3201280512204882,0.2204504060239896
0.32412965186074433,0.17865734701334618
0.3281312525010004,0.1195079447685839
0.3321328531412565,0.18811402066185554
0.33613445378151263,0.18380882579678753
0.3401360544217687,0.20899213116675558
0.3441376550620248,0.13656840198981013
0.34813925570228094,0.16584754187879844
0.352140856342537,0.25852086130426316
0.3561424569827931,0.24145607458966234
0.36014405762304924,0.223784891293247
0.36414565826330536,0.0933225704361233
0.3681472589035614,0.17109867883389912
0.37214885954381755,0.31338677364375334
0.37615046018407367,0.1629001082859474
0.38015206082432973,0.16393569981961903
0.38415366146458585,0.27981152062052994
0.38815526210484197,0.16022301859367188
0.39215686274509803,0.22429944825598383
0.39615846338535415,0.28833082664818066
0.4001600640256103,0.24361109967216532
0.40416166466586634,0.2761639716950588
0.40816326530612246,0.15012122379996756
0.4121648659463786,0.11244997259839074
0.4161664665866347,0.22222627532698683
0.42016806722689076,0.2853427304442704
0.4241696678671469,0.2600392487793761
0.428171268507403,0.24114483588009103
0.43217286914765907,0.20043135530221415
0.4361744697879152,0.27288214292422625
0.4401760704281713,0.2776871962739873
0.44417767106842737,0.2033627869196431
0.4481792717086835,0.18932639275704033
0.4521808723489396,0.35428454570612256
0.4561824729891957,0.2496224377951268
0.4601840736294518,0.203050373685645
0.4641856742697079,0.12845671323948935
0.468187274909964,0.253289084672544
0.4721888755502201,0.2972514017932034
0.4761904761904762,0.20767116438666813
0.4801920768307323,0.27186987932241113
0.4841936774709884,0.26020274590926185
0.4881952781112445,0.25777730371863317
0.49219687875150064,0.286188403133925
0.4961984793917567,0.22148671932075073
0.5002000800320128,0.20083449346229437
0.5042016806722689,0.26499694679879565
0.508203281312525,0.2896990453623511
0.5122048819527811,0.15948491372550078
0.5162064825930373,0.18713885386007817
0.5202080832332934,0.2813483494457495
0.5242096838735495,0.368098570716447
0.5282112845138055,0.34291036888062243
0.5322128851540616,0.22923986547903277
0.5362144857943177,0.3021903030884976
0.5402160864345739,0.24474079878872868
0.54421768707483,0.2089594901477417
0.5482192877150861,0.18563314645938794
0.5522208883553421,0.25238132554842274
0.5562224889955982,0.3094464596666563
0.5602240896358543,0.253482096196435
0.5642256902761105,0.23052896005171988
0.5682272909163666,0.3092739868620725
0.5722288915566227,0.3608258572528749
0.5762304921968788,0.22246747480812498
0.5802320928371348,0.1949803297333393
0.584233693477391,0.24276557946090832
0.5882352941176471,0.3259248579883509
0.5922368947579032,0.27465390555396063
0.5962384953981593,0.28621387382760055
0.6002400960384154,0.2718561578433743
0.6042416966786714,0.29416746646782815
0.6082432973189276,0.27184791929386043
0.6122448979591837,0.17940182472470012
0.6162464985994398,0.2619973687004343
0.6202480992396959,0.4414555457769803
0.624249699879952,0.3324218747212372
0.6282513005202081,0.2680409471747291
0.6322529011604642,0.18026228152673424
0.6362545018007203,0.43677660430313736
0.6402561024409764,0.33169608423364055
0.6442577030812325,0.21851507982227908
0.6482593037214887,0.29697185551787497
0.6522609043617448,0.17859862248405195
0.6562625050020008,0.3313355908083579
0.6602641056422569,0.22609614229313432
0.664265706282513,0.23270327147471814
0.6682673069227691,0.34244906159699373
0.6722689075630253,0.38147814825563015
0.6762705082032814,0.3083146164333657
0.6802721088435374,0.15054609381132814
0.6842737094837935,0.2957990344082018
0.6882753101240496,0.2994755349253665
0.6922769107643058,0.29096939326436094
0.6962785114045619,0.15399392390191036
0.700280112044818,0.22725960251714442
0.704281712685074,0.3357634796502934
0.7082833133253301,0.3108954054725009
0.7122849139655862,0.3109448307684676
0.7162865146058424,0.2756502026661249
0.7202881152460985,0.3482825252144559
0.7242897158863546,0.26840540588389494
0.7282913165266107,0.24522061546865223
0.7322929171668667,0.3094195949736477
0.7362945178071229,0.3436585833348738
0.740296118447379,0.4113043651418467
0.7442977190876351,0.23494232141530252
0.7482993197278912,0.2730332294001454
0.7523009203681473,0.31794758077988
0.7563025210084033,0.32714386967198744
0.7603041216486595,0.3576080368601079
0.7643057222889156,0.34085473343774536
0.7683073229291717,0.3668807540408819
0.7723089235694278,0.33530161344204296
0.7763105242096839,0.2431978426446983
0.7803121248499401,0.31772179713779214
0.7843137254901961,0.27643683602167535
0.7883153261304522,0.3336446537038879
0.7923169267707083,0.2508091736052792
0.7963185274109644,0.2745986566994634
0.8003201280512205,0.3278612166452937
0.8043217286914767,0.39469895608142097
0.8083233293317327,0.3001432037377836
0.8123249299719888,0.4044994895447683
0.8163265306122449,0.5505143173776098
0.820328131252501,0.9691122688592757
0.8243297318927572,1.1854237745292486
0.8283313325330133,1.348817711636848
0.8323329331732694,1.4062307431804015
0.8363345338135254,1.5133505962870986
0.8403361344537815,1.1905434074118935
0.8443377350940376,0.8031770326132545
0.8483393357342938,0.5245404596427624
0.8523409363745499,0.4405208139916734
0.856342537014806,0.28355976832637375
0.860344137655062,0.1294694461021843
0.8643457382953181,0.03557182096171048
0.8683473389355743,0.14124047567577916
0.8723489395758304,0.05109646411781239
0.8763505402160865,0.05449916913834564
0.8803521408563426,-0.09242267833360385
0.8843537414965986,-0.06423895737458479
0.8883553421368547,0.09773601982412668
0.8923569427771109,-0.012448802438162345
0.896358543417367,-0.011093447084242758
0.9003601440576231,0.10308617921332437
0.9043617446978792,0.17166317269240142
0.9083633453381353,0.1668715024052764
0.9123649459783914,0.1829565171390198
0.9163665466186475,0.16886821257290865
0.9203681472589036,0.3092029781916107
0.9243697478991597,0.2879973733538554
0.9283713485394158,0.24774029554875476
0.932372949179672,0.2977844385157864
0.936374549819928,0.36528202148761024
0.9403761504601841,0.35831180905265464
0.9443777511004402,0.3091505992390299
0.9483793517406963,0.24273483218923125
0.9523809523809524,0.38626335844153165
0.9563825530212086,0.3971473863824198
0.9603841536614646,0.3511748642898608
0.9643857543017207,0.39664674441001846
0.9683873549419768,0.49362547779117266
0.9723889555822329,0.42283946655966165
0.976390556222489,0.3482055918747944
0.9803921568627452,0.30780555725578135
0.9843937575030013,0.4961195987618568
0.9883953581432573,0.5210079508471332
0.9923969587835134,0.4701894144482658
0.9963985594237695,0.5099748706419844
1.0004001600640255,0.3997928182783898
1.0044017607042817,0.5624025697740752
1.0084033613445378,0.5666866972083615
1.012404961984794,0.5358574821023415
1.01640656262505,0.5577962555028778
1.0204081632653061,0.6767656610752453
1.0244097639055623,0.6042219214526591
1.0284113645458184,0.5343598827120066
1.0324129651860745,0.5866054062029764
1.0364145658263306,0.6499942605037827
1.0404161664665867,0.591440873465975
1.0444177671068429,0.5015408506704003
1.048419367747099,0.49997413241565725
1.0524209683873549,0.5400234879181283
1.056422569027611,0.6569206771060232
1.0604241696678671,0.4925237795755509
1.0644257703081232,0.4683029700277444
1.0684273709483794,0.42860428758224056
1.0724289715886355,0.3916670034176448
1.0764305722288916,0.4219340529490722
1.0804321728691477,0.39421566583964074
1.0844337735094038,0.4195626834990749
1.08843537414966,0.4044526283967783
1.092436974789916,0.36556234243168095
1.0964385754301722,0.28440610029489216
1.1004401760704283,0.24979669191634568
1.1044417767106842,0.4312500028730731
1.1084433773509403,0.3634252046215553
1.1124449779911965,0.14275755507983576
1.1164465786314526,0.3385218098087482
1.1204481792717087,0.3684101356057994
1.1244497799119648,0.22681567990716733
1.128451380552221,0.23421742379300775
1.132452981192477,0.1252171280012631
1.1364545818327332,0.3706940181094914
1.1404561824729893,0.37447616137921896
1.1444577831132454,0.1331163735105064
1.1484593837535015,0.20240278516439164
1.1524609843937577,0.28640213007818194
1.1564625850340136,0.23317168720966214
1.1604641856742697,0.1322319188910313
1.1644657863145258,0.21666937553948465
1.168467386954782,0.296996573676454
1.172468987595038,0.2732958606089967
1.1764705882352942,0.1265800271577485
1.1804721888755503,0.19554352398889774
1.1844737895158064,0.19655024725535625
1.1884753901560625,0.2517737184758194
1.1924769907963186,0.2255908555584602
1.1964785914365748,0.25857982485659253
1.2004801920768309,0.21430332763841925
1.2044817927170868,0.1600201305260666
1.208483393357343,0.16650466743694026
1.212484993997599,0.1626937729362955
1.2164865946378551,0.16220037747416613
1.2204881952781113,0.2791089878159503
1.2244897959183674,0.20183362059727608
1.2284913965586235,0.1862547218482804
1.2324929971988796,0.22580631606728488
1.2364945978391357,0.2535620709863846
1.2404961984793919,0.29347327969847525
1.244497799119648,0.16877610800031687
1.248499399759904,0.13712148209048133
1.2525010004001602,0.1984942353853568
1.2565026010404161,0.24418885749222197
1.2605042016806722,0.12694372311188837
1.2645058023209284,0.1389270096843081
1.2685074029611845,0.22286025196362746
1.2725090036014406,0.1979277214431653
1.2765106042416967,0.17752126306991795
1.2805122048819528,0.13712018213817326
1.284513805522209,0.23335849879592796
1.288515406162465,0.12155735260242909
1.2925170068027212,0.13298631402479275
1.2965186074429773,0.034525118453765984
1.3005202080832334,0.2382744620218739
1.3045218087234896,0.17787600917148844
1.3085234093637454,0.2549170732399806
1.3125250100040016,0.10375945052419877
1.3165266106442577,0.1840823901609505
1.3205282112845138,0.3495866249023745
1.32452981192477,0.1825024368776622
1.328531412565026,0.0950384563092154
1.3325330132052822,0.16901046418253077
1.3365346138455383,0.28733249517549336
1.3405362144857944,0.3070790031563971
1.3445378151260505,0.07420491589449973
1.3485394157663066,0.11698173980378075
1.3525410164065628,0.23474606845701537
1.3565426170468189,0.14258928506587054
1.3605442176870748,0.16452230545509766
1.364545818327331,0.18400188535192374
1.368547418967587,0.25423541406426337
1.3725490196078431,0.1062370795677384
1.3765506202480993,0.08500192389421
1.3805522208883554,0.10934682500391762
1.3845538215286115,0.13116366858323372
1.3885554221688676,0.1951741390913962
1.3925570228091237,0.14690583790366932
1.3965586234493799,0.0819245557592428
1.400560224089636,0.17379938327453726
1.404561824729892,0.19690559511984745
1.408563425370148,0.12763046880478887
1.4125650260104041,0.0733523074279489
1.4165666266506602,0.10486197160585883
1.4205682272909164,0.16214470809222437
1.4245698279311725,0.09309357115743928
1.4285714285714286,0.16856647606166786
1.4325730292116847,0.14889502116398465
1.4365746298519408,0.17374044293945717
1.440576230492197,0.18202244200531686
1.444577831132453,0.10248370347474775
1.4485794317727092,0.09215682789699403
1.4525810324129653,0.07752464709427538
1.4565826330532214,0.11017478580381367
1.4605842336934773,-0.004811140623639416
1.4645858343337335,0.0456000900548881
1.4685874349739896,0.05264933021274232
1.4725890356142457,0.12121798334443779
1.4765906362545018,0.13186730129471733
1.480592236894758,0.08648497199451965
1.484593837535014,0.16136210155792635
1.4885954381752702,0.14432263957682417
1.4925970388155263,0.033423686135467486
1.4965986394557824,0.03079445507270969
1.5006002400960385,0.053841913748954695
1.5046018407362947,0.06441304311400767
1.5086034413765508,0.05305107606574879
1.5126050420168067,0.07881772021839847
1.5166066426570628,0.11858672460322472
1.520608243297319,0.15375567811994093
1.524609843937575,0.09971639178220046
1.5286114445778312,0.012044913834309848
1.5326130452180873,0.02537754118618378
1.5366146458583434,0.15381128590686272
1.5406162464985995,0.14070793835202403
1.5446178471388556,-0.06646132114258838
1.5486194477791118,-0.025849361281370546
1.5526210484193679,0.15382993688099694
1.556622649059624,0.08056720379935545
1.5606242496998801,0.0036746290420676536
1.564625850340136,0.05463061086785846
1.5686274509803921,0.13284056489698606
1.5726290516206483,0.06143158553345071
1.5766306522609044,0.045577966504226124
1.5806322529011605,0.005823412924494072
1.5846338535414166,0.09026510351276937
1.5886354541816727,0.04613500748605165
1.5926370548219289,0.12959813218397306
1.596638655462185,-0.08115066744293886
1.600640256102441,-0.017753208731711535
1.6046418567426972,0.08117876544297933
1.6086434573829533,0.006786898458521557
1.6126450580232095,0.095147042378027
1.6166466586634654,0.02583639236596791
1.6206482593037215,0.035517036629607285
1.6246498599439776,-0.048877293075979475
1.6286514605842337,-0.005642814712017767
1.6326530612244898,0.025822638536396117
1.636654661864746,0.08235035446555078
1.640656262505002,0.15263498725238578
1.6446578631452582,0.04352845157557968
1.6486594637855143,0.32734048973103763
1.6526610644257704,0.5524546125722534
1.6566626650660266,0.8974962115116414
1.6606642657062827,1.0611750160300388
1.6646658663465388,1.189933342526222
1.6686674669867947,1.0670995467832096
1.6726690676270508,0.917245023587935
1.676670668267307,0.44066866304900837
1.680672268907563,0.1924712814832977
1.6846738695478192,0.06900746265032007
1.6886754701880753,-0.05556761666104041
1.6926770708283314,-0.11028969283283926
1.6966786714685875,-0.2203464532676391
1.7006802721088436,-0.22842394073224714
1.7046818727490998,-0.21847563609854795
1.708683473389356,-0.3465032384356736
1.712685074029612,-0.4101349686197496
1.716686674669868,-0.28654817269657995
1.720688275310124,-0.3335023474043224
1.7246898759503801,-0.2658814470370703
1.7286914765906363,-0.24602711706949437
1.7326930772308924,-0.189145995897775
1.7366946778711485,-0.11174188901946908
1.7406962785114046,-0.1583029176810709
1.7446978791516607,-0.21756345396312296
1.7486994797919169,-0.29373245975882745
1.752701080432173,-0.042096482546419234
1.756702681072429,-0.13347029439965774
1.7607042817126852,-0.05835583641863751
1.7647058823529413,-0.08071375807093245
1.7687074829931972,-0.07854210898884018
1.7727090836334534,0.03915878815228728
1.7767106842737095,-0.1277497548565457
1.7807122849139656,-0.06230988851394816
1.7847138855542217,-0.031539767248173506
1.7887154861944778,0.08025132256089436
1.792717086834734,-0.0660511537376719
1.79671868747499,0.07459953847947537
1.8007202881152462,0.02437928266004114
1.8047218887555023,0.020234089248417998
1.8087234893957584,0.009282480767860424
1.8127250900360146,0.05254844404613976
1.8167266906762707,0.09394855940120725
1.8207282913165266,0.24383787089524925
1.8247298919567827,0.12407730862292465
1.8287314925970388,0.05123886935040311
1.832733093237295,0.1028255818030858
1.836734693877551,0.15512383668524612
1.8407362945178072,0.19589327531769318
1.8447378951580633,0.12675189852594748
1.8487394957983194,0.1134139791991392
1.8527410964385755,0.22937032120900067
1.8567426970788317,0.17361049167896497
1.8607442977190878,0.08690561146572377
1.864745898359344,0.05483971305625286
1.8687474989996,0.23075785205827343
1.872749099639856,0.21277168007432262
1.876750700280112,0.13266905400286552
1.8807523009203682,0.06693382970247835
1.8847539015606243,0.2358904523355623
1.8887555022008804,0.1902776244680734
1.8927571028411365,0.12070279655680594
1.8967587034813926,0.03176268699676552
1.9007603041216488,0.024772061075037616
1.9047619047619049,0.054857052589886234
1.908763505402161,0.0637334024634618
1.9127651060424171,-0.0059411604611360885
1.9167667066826732,0.03614510721530922
1.9207683073229291,0.04951270198784795
1.9247699079631853,-0.009975477563065039
1.9287715086034414,-0.1565461081623197
1.9327731092436975,-0.15839627912156573
1.9367747098839536,-0.09552720538870021
1.9407763105242097,-0.08635038718676363
1.9447779111644659,-0.09527330810221957
1.948779511804722,-0.13065919986629324
1.952781112444978,-0.08453495608829756
1.9567827130852342,-0.08620907788071033
1.9607843137254903,-0.16606684444018233
1.9647859143657465,-0.1215789234199795
1.9687875150060026,-0.07539662321667702
1.9727891156462585,-0.1917260984307626
1.9767907162865146,-0.20142517274148228
1.9807923169267707,-0.26440818994958526
1.9847939175670268,-0.03138710222548292
1.988795518207283,-0.14676961769774272
1.992797118847539,-0.22776514604686363
1.9967987194877952,-0.19385772150611527
2.000800320128051,-0.22231422585099964
2.0048019207683074,-0.15107678377271194
2.0088035214085633,-0.05071123330602283
2.0128051220488197,-0.3579717242506296
2.0168067226890756,-0.15715774819117126
2.020808323329332,-0.07041343862855959
2.024809923969588,-0.1588075872894923
2.028811524609844,-0.29385769303277787
2.0328131252501,-0.20245144955752045
2.0368147258903564,-0.060622781544569876
2.0408163265306123,-0.20470798259844822
2.0448179271708686,-0.31808270479847267
2.0488195278111245,-0.19884968423958954
2.0528211284513804,-0.25365511288459325
2.0568227290916368,-0.17890679410942023
2.0608243297318927,-0.3592412730171354
2.064825930372149,-0.2317742299523813
2.068827531012405,-0.1966856387963251
2.0728291316526612,-0.11850614459776415
2.076830732292917,-0.24920172646007846
2.0808323329331735,-0.3169936774077208
2.0848339335734294,-0.1539903290390812
2.0888355342136857,-0.24864765763202668
2.0928371348539416,-0.21604086182538196
2.096838735494198,-0.2651411532364791
2.100840336134454,-0.28731480251445146
2.1048419367747098,-0.21181294741951237
2.108843537414966,-0.23530721068163335
2.112845138055222,-0.2881031854529378
2.1168467386954783,-0.16617103130866284
2.1208483393357342,-0.18660035558219318
2.1248499399759906,-0.2313172176381482
2.1288515406162465,-0.24823010264244533
2.132853141256503,-0.2727835010555738
2.1368547418967587,-0.2140687870627578
2.140856342537015,-0.23425438561192005
2.144857943177271,-0.25892513539534673
2.1488595438175273,-0.2890478426206478
2.152861144457783,-0.15083817985773007
2.156862745098039,-0.11195083753179363
2.1608643457382954,-0.24283797354695819
2.1648659463785513,-0.2813090568830462
2.1688675470188077,-0.251991929631062
2.1728691476590636,-0.17285155909935998
2.17687074829932,-0.17983600570864192
2.180872348939576,-0.34349960373406846
2.184873949579832,-0.25055562557587585
2.188875550220088,-0.1020243658478465
2.1928771508603444,-0.21883453357362598
2.1968787515006003,-0.34627714176360047
2.2008803521408566,-0.21013484258320445
2.2048819527811125,-0.1801630407012307
2.2088835534213684,-0.3138306802360188
2.212885154061625,-0.2547030019806187
2.2168867547018807,-0.2544459186767374
2.220888355342137,-0.14760751698866248
2.224889955982393,-0.20867628501219765
2.2288915566226493,-0.29490457469317255
2.232893157262905,-0.34450942164913184
2.2368947579031615,-0.17929085875778253
2.2408963585434174,-0.260306591402598
2.2448979591836737,-0.36107029885838565
2.2488995598239296,-0.2897501646828996
2.252901160464186,-0.19226012405985826
2.256902761104442,-0.17933435088667882
2.2609043617446978,-0.2595399988542094
2.264905962384954,-0.2959046731349753
2.26890756302521,-0.17556228011036068
2.2729091636654664,-0.2672609202207198
2.2769107643057223,-0.19301123496388894
2.2809123649459786,-0.33545784289078007
2.2849139655862345,-0.2571355547032198
2.288915566226491,-0.20942369597410176
2.2929171668667467,-0.30344585426875254
2.296918767507003,-0.33979357450447883
2.300920368147259,-0.1904923094264399
2.3049219687875153,-0.24186345739745257
2.308923569427771,-0.2653707222492623
2.312925170068027,-0.3230293472774851
2.3169267707082835,-0.4363696478863174
2.3209283713485394,-0.1894833439720357
2.3249299719887957,-0.2902770223862248
2.3289315726290516,-0.3545837489461949
2.332933173269308,-0.38418943410489825
2.336934773909564,-0.14027321178724364
2.34093637454982,-0.21034649282353227
2.344937975190076,-0.33355865217546243
2.3489395758303324,-0.31648085246615
2.3529411764705883,-0.2669231446355444
2.356942777110844,-0.22830895475657428
2.3609443777511006,-0.3372580168697907
2.3649459783913565,-0.43136946631410766
2.368947579031613,-0.33967009185416003
2.3729491796718687,-0.2470221734222176
2.376950780312125,-0.3638009033829907
2.380952380952381,-0.36793323515439236
2.3849539815926373,-0.27217138651901407
2.388955582232893,-0.23168460328329676
2.3929571828731495,-0.3566245995229747
2.3969587835134054,-0.33130269641690857
2.4009603841536618,-0.21061964069389044
2.4049619847939177,-0.29365551656821337
2.4089635854341735,-0.2613381112464121
2.41296518607443,-0.34858357786915906
2.416966786714686,-0.26808445081484544
2.420968387354942,-0.1763900781698928
2.424969987995198,-0.2992643596791542
2.4289715886354544,-0.3344840986840234
2.4329731892757103,-0.2883905757864914
2.4369747899159666,-0.10301321694080368
2.4409763905562225,-0.2770204011339792
2.444977991196479,-0.36851012760859614
2.4489795918367347,-0.3285845630757225
2.452981192476991,-0.28703480911238644
2.456982793117247,-0.28547241622538094
2.460984393757503,-0.3610365301958144
2.4649859943977592,-0.3510374017428818
2.468987595038015,-0.2838837216805344
2.4729891956782715,-0.1818443868819006
2.4769907963185274,-0.10155298970724658
2.4809923969587837,0.0036865606816707044
2.4849939975990396,0.2524830181420022
2.488995598239296,0.6150216707318528
2.492997198879552,0.7982277172394852
2.496998799519808,0.7918597677528809
2.501000400160064,0.8215301060624004
2.5050020008003204,0.5909420784303943
2.5090036014405763,0.23277186542517903
2.5130052020808322,-0.06787405347569658
2.5170068027210886,-0.22338664607339498
2.5210084033613445,-0.28391835586073355
2.525010004001601,-0.4669228667675118
2.5290116046418567,-0.49882191708905116
2.533013205282113,-0.5205306024926103
2.537014805922369,-0.5461287352084261
2.5410164065626253,-0.383118442780726
2.545018007202881,-0.5634455954103651
2.5490196078431375,-0.6451734732710961
2.5530212084833934,-0.4919281008147678
2.5570228091236498,-0.5135096983796816
2.5610244097639057,-0.6545875926636042
2.5650260104041616,-0.5201105760447817
2.569027611044418,-0.4956843498237967
2.573029211684674,-0.3743697785444281
2.57703081232493,-0.44908476049645873
2.581032412965186,-0.46504150308648595
2.5850340136054424,-0.42458925392947033
2.5890356142456983,-0.18485191511410043
2.5930372148859546,-0.36699329983034157
2.5970388155262105,-0.34095217465257877
2.601040416166467,-0.33111149546486784
2.6050420168067228,-0.28811588171259817
2.609043617446979,-0.2626773610536617
2.613045218087235,-0.3595032152093255
2.617046818727491,-0.23560440127251875
2.6210484193677472,-0.18799887012948102
2.625050020008003,-0.10352486912967312
2.6290516206482595,-0.22749116534274993
2.6330532212885154,-0.2099111695938078
2.6370548219287717,-0.17616649988316604
2.6410564225690276,-0.1345981630023516
2.645058023209284,-0.25590999126795155
2.64905962384954,-0.18113143237108376
2.653061224489796,-0.07208154693594576
2.657062825130052,-0.06118482947589904
2.6610644257703084,-0.13025563810377677
2.6650660264105643,-0.15865918258470124
2.6690676270508202,-0.017043284402045555
2.6730692276910766,0.06903774573383062
2.6770708283313325,-0.11583838391542925
2.681072428971589,0.012736118318647266
2.6850740296118447,0.04896541387458207
2.689075630252101,0.08707294675876055
2.693077230892357,0.07372018739231395
2.6970788315326133,-0.0746191304936839
2.701080432172869,0.022284933479398666
2.7050820328131255,0.08163947318415649
2.7090836334533814,0.0011272897453976716
2.7130852340936378,-0.031046623162351645
2.7170868347338937,-0.018557436067618893
2.7210884353741496,0.12092418421359599
2.725090036014406,-0.073158427752736
2.729091636654662,-0.1388375727031427
2.733093237294918,-0.09155036994523176
2.737094837935174,-0.07015457934202074
2.7410964385754304,-0.11394578882772426
2.7450980392156863,-0.18828272318797087
2.7490996398559426,-0.22922363268518287
2.7531012404961985,-0.14177911472336555
2.757102841136455,-0.22528190681108878
2.7611044417767108,-0.04158153708457599
2.765106042416967,-0.3144792212927704
2.769107643057223,-0.20888775364565476
2.773109243697479,-0.19844492471618233
2.7771108443377353,-0.3289572393828626
2.781112444977991,-0.2827209874199198
2.7851140456182475,-0.23237310856100107
2.7891156462585034,-0.15017265666385368
2.7931172468987597,-0.25327607234166233
2.7971188475390156,-0.23198243159025617
2.801120448179272,-0.18784639820266458
2.805122048819528,-0.23262019345638418
2.809123649459784,-0.31719124030383056
2.81312525010004,-0.3927366704954737
2.817126850740296,-0.24500601922182788
2.8211284513805523,-0.28399197100581974
2.8251300520208082,-0.29095998577286364
2.8291316526610646,-0.26241763334807716
2.8331332533013205,-0.32814486162965506
2.837134853941577,-0.20021532409548362
2.8411364545818327,-0.20783741927108074
2.845138055222089,-0.21083526640868694
2.849139655862345,-0.26186075790867097
2.8531412565026013,-0.17256607954814196
2.857142857142857,-0.1827310441178873
2.8611444577831135,-0.1669458358761521
2.8651460584233694,-0.21045707371048453
2.8691476590636253,-0.21689115104402984
2.8731492597038817,-0.25111723243401174
2.8771508603441376,-0.20274827397991674
2.881152460984394,-0.279394696166071
2.88515406162465,-0.17038279979511012
2.889155662264906,-0.15105567831527808
2.893157262905162,-0.2128917601340455
2.8971588635454184,-0.2746136239870887
2.9011604641856743,-0.19696504876919663
2.9051620648259306,-0.14972715372632953
2.9091636654661865,-0.18091468487147358
2.913165266106443,-0.2184391390401016
2.917166866746699,-0.32119981229970573
2.9211684673869547,-0.153771506941946
2.925170068027211,-0.20306196228024487
2.929171668667467,-0.203945755286936
2.9331732693077233,-0.1257806854336262
2.937174869947979,-0.1494716137408848
2.9411764705882355,-0.22839552338777502
2.9451780712284914,-0.2656767776570828
2.9491796718687477,-0.2432485187920891
2.9531812725090036,-0.17791105341940028
2.95718287314926,-0.15097619433567683
2.961184473789516,-0.2583810742286605
2.9651860744297722,-0.20844420012566378
2.969187675070028,-0.16368949380761397
2.973189275710284,-0.15788413297633533
2.9771908763505404,-0.24550557038388973
2.9811924769907963,-0.1776902294459521
2.9851940776310526,-0.13906972565160353
2.9891956782713085,-0.10351172601428969
2.993197278911565,-0.13770169108406866
2.9971988795518207,-0.30119407296582307
3.001200480192077,-0.2417369599072943
3.005202080832333,-0.09742903113047627
3.0092036814725893,-0.1958089320391781
3.013205282112845,-0.14744502222944
3.0172068827531016,-0.2556164051445643
3.0212084833933575,-0.12093378129227589
3.0252100840336134,-0.13283786066562495
3.0292116846738697,-0.18860270444228305
3.0332132853141256,-0.19646822381336906
3.037214885954382,-0.15107548551893685
3.041216486594638,-0.19064936852385087
3.045218087234894,-0.1780822420307727
3.04921968787515,-0.16602872968891053
3.0532212885154064,-0.18690068329315196
3.0572228891556623,-0.11226305862778609
3.0612244897959187,-0.2178890593910823
3.0652260904361746,-0.12182979792146495
3.069227691076431,-0.04339961053581305
3.073229291716687,-0.058151141222091425
3.0772308923569427,-0.1878878240830338
3.081232492997199,-0.2040828907907247
3.085234093637455,-0.10277260406125845
3.0892356942777113,-0.06019318085290347
3.093237294917967,-0.1408479057958114
3.0972388955582235,-0.19397377879861435
3.1012404961984794,-0.13405945517774728
3.1052420968387358,0.0244544359957041
3.1092436974789917,-0.12393985823381606
3.113245298119248,-0.1376971873238188
3.117246898759504,-0.16839800502469507
3.1212484993997602,-0.14241572794372526
3.125250100040016,-0.10222112141856068
3.129251700680272,-0.16419959850918356
3.1332533013205284,-0.13953787412185245
3.1372549019607843,-0.08107019418758286
3.1412565026010406,-0.1475966184603294
3.1452581032412965,-0.1730640803771061
3.149259703881553,-0.15053295875336234
3.1532613045218087,-0.055476165697984976
3.157262905162065,-0.08725927224694655
3.161264505802321,-0.07205303236604171
3.1652661064425773,-0.15970050153846493
3.1692677070828332,-0.0753981339116618
3.1732693077230896,-0.07398377828791236
3.1772709083633455,-0.01419275938699404
3.1812725090036014,-0.10194997455970069
3.1852741096438577,-0.05951862632783606
3.1892757102841136,-0.026657787453420317
3.19327731092437,-0.09390170356234956
3.197278911564626,-0.07228251935464394
3.201280512204882,-0.08900033285425697
3.205282112845138,-0.03017585338769227
3.2092837134853944,-0.07210450499072857
3.2132853141256503,-0.23880155320967567
3.2172869147659067,-0.026539068576588228
3.2212885154061626,-0.03369444672483146
3.225290116046419,-0.09683149836738104
3.229291716686675,-0.14556980989248278
3.2332933173269307,-0.09095476755808918
3.237294917967187,-0.06277771503959448
3.241296518607443,0.029325538874413894
3.2452981192476993,-0.08755425535777814
3.249299719887955,-0.0368502860861476
3.2533013205282115,0.0011582172310193803
3.2573029211684674,0.02089929628006916
3.2613045218087238,-0.07421162169853981
3.2653061224489797,-0.049087470024250304
3.269307723089236,-0.02655878293872578
3.273309323729492,-0.02559140800287856
3.2773109243697482,0.004807656235843779
3.281312525010004,-0.04926008406422905
3.28531412565026,-0.018835083834756305
3.2893157262905164,0.03313972677047483
3.2933173269307723,-0.031026829211454717
3.2973189275710286,-0.043790787733849534
3.3013205282112845,-0.07843032943950677
3.305322128851541,0.13482207469274493
3.3093237294917968,0.0797925431047678
3.313325330132053,0.1937851702452807
3.317326930772309,0.5103313330194555
3.3213285314125653,0.8816240371199136
3.3253301320528212,1.1074151721104366
3.3293317326930776,1.0336580208052828
3.3333333333333335,1.035182320155878
3.3373349339735894,0.9045468359394876
3.3413365346138457,0.6167138729913266
3.3453381352541016,0.2704316999803267
3.349339735894358,0.03378270691016674
3.353341336534614,-0.022889654906389334
3.35734293717487,-0.10796189217014099
3.361344537815126,-0.15086563013502788
3.3653461384553824,-0.21306205103634754
3.3693477390956383,-0.21560573306813305
3.3733493397358947,-0.2506134636895192
3.3773509403761506,-0.3151218666685351
3.3813525410164065,-0.2941514060679895
3.385354141656663,-0.23832488140845295
3.3893557422969187,-0.16047399740939253
3.393357342937175,-0.14410634656829563
3.397358943577431,-0.20184085545772218
3.4013605442176873,-0.1211681439604328
3.405362144857943,-0.05570788246645527
3.4093637454981995,-0.042102079747136534
3.4133653461384554,-0.035391252960558776
3.417366946778712,-0.008156300801120345
3.4213685474189677,0.017743661891470718
3.425370148059224,0.18631737369354115
3.42937174869948,-0.01849023782414986
3.433373349339736,0.11589593721114347
3.437374949979992,0.15068203546469403
3.441376550620248,0.1390381144086307
3.4453781512605044,0.0915089183820526
3.4493797519007603,0.08938476363520229
3.4533813525410166,0.15117135618793698
3.4573829531812725,0.23153647098323407
3.461384553821529,0.10715768321209351
3.4653861544617848,0.09704115875065003
3.469387755102041,0.195748750708032
3.473389355742297,0.33872478398408684
3.4773909563825534,0.2391438173509201
3.4813925570228093,0.14395436238299258
3.485394157663065,0.31067438283351234
3.4893957583033215,0.4422758098875215
3.4933973589435774,0.22041696614909426
3.4973989595838337,0.1980367261980238
3.5014005602240896,0.2019725654200568
3.505402160864346,0.4211566151041689
3.509403761504602,0.4376736084998643
3.513405362144858,0.31151846662953186
3.517406962785114,0.44713213848216027
3.5214085634253705,0.4592862712855373
3.5254101640656264,0.4348880611563994
3.5294117647058827,0.37278701360174754
3.5334133653461386,0.40460185498547463
3.5374149659863945,0.42931251291211014
3.541416566626651,0.39842768529111594
3.5454181672669067,0.3330649602571215
3.549419767907163,0.25421554125720786
3.553421368547419,0.4278001638696233
3.5574229691876753,0.37949839558231446
3.561424569827931,0.32421855052812315
3.5654261704681876,0.21205547503094765
3.5694277711084434,0.3683147721684048
3.5734293717487,0.37045228347370807
3.5774309723889557,0.2749121258501885
3.581432573029212,0.16820227172998478
3.585434173669468,0.16280071527785178
3.589435774309724,0.2628096778494506
3.59343737494998,0.17636480963714046
3.597438975590236,0.13507772033035712
3.6014405762304924,0.26842175169603966
3.6054421768707483,0.29965183128087775
3.6094437775110046,0.20100552659094503
3.6134453781512605,0.17482645990420098
3.617446978791517,0.25737688860076247
3.621448579431773,0.28024705434280417
3.625450180072029,0.2463209724838177
3.629451780712285,0.20372412465050568
3.6334533813525414,0.16200950799292932
3.6374549819927973,0.19700305281490316
3.641456582633053,0.20814571304969268
3.6454581832733095,0.20604400675132098
3.6494597839135654,0.09867537913340826
3.6534613845538217,0.2712616550951523
3.6574629851940776,0.17816142249615444
3.661464585834334,0.1686662297524289
3.66546618647459,0.1038701172555925
3.6694677871148462,0.2373775491595825
3.673469387755102,0.18043378246537833
3.6774709883953585,0.09479122935460293
3.6814725890356144,0.15546771885140226
3.6854741896758707,0.2890207365208775
3.6894757903161266,0.24194963386913293
3.6934773909563825,0.21331319464676854
3.697478991596639,0.21222797032343682
3.7014805922368947,0.22000815266869742
3.705482192877151,0.21830263614778841
3.709483793517407,0.2256733724978906
3.7134853941576633,0.12732919628786582
3.717486994797919,0.16308531305196308
3.7214885954381756,0.2220203353029374
3.7254901960784315,0.21050834508508706
3.729491796718688,0.024980914808909696
3.7334933973589437,0.3038789434864851
3.7374949979992,0.18017048252860368
3.741496598639456,0.19416302137998923
3.745498199279712,0.19605348660628924
3.749499799919968,0.26162579825445226
3.753501400560224,0.17911457112778367
3.7575030012004804,0.19417308215922535
3.7615046018407363,0.1376168052301599
3.7655062024809927,0.1409460858386674
3.7695078031212486,0.1859354156740848
3.773509403761505,0.2977489517496138
3.777511004401761,0.2070229681746693
3.781512605042017,0.14921897547300925
3.785514205682273,0.17813791464744688
3.7895158063225294,0.3115245073982146
3.7935174069627853,0.25443131987912465
3.797519007603041,0.2000402986654088
3.8015206082432975,0.28348971067093653
3.8055222088835534,0.3181162096266636
3.8095238095238098,0.22562856687742225
3.8135254101640657,0.2581248969764269
3.817527010804322,0.24860616532386529
3.821528611444578,0.2741674608810213
3.8255302120848342,0.2178657670935153
3.82953181272509,0.23485216675498288
3.8335334133653465,0.25441461691479567
3.8375350140056024,0.27689965883229956
3.8415366146458583,0.28134276924771096
3.8455382152861146,0.182867552183079
3.8495398159263705,0.20768206077790963
3.853541416566627,0.3312488861256436
3.8575430172068828,0.3041140423252828
3.861544617847139,0.1866423935141162
3.865546218487395,0.2480615200373909
3.8695478191276513,0.28537219847408796
3.8735494197679072,0.2734420941483203
3.8775510204081636,0.31448139465942815
3.8815526210484195,0.22113256939246326
3.885554221688676,0.22477454951088136
3.8895558223289317,0.39879970608548987
3.8935574229691876,0.2625142370982065
3.897559023609444,0.24468639511937604
3.9015606242497,0.3626913786807796
3.905562224889956,0.3469282784584163
3.909563825530212,0.2969702890485675
3.9135654261704684,0.25929982290143627
3.9175670268107243,0.2192111662962968
3.9215686274509807,0.3344040349509556
3.9255702280912366,0.2891340310065926
3.929571828731493,0.1969887588364107
3.933573429371749,0.25045151382745373
3.937575030012005,0.3511730975965167
3.941576630652261,0.2701046733980847
3.945578231292517,0.21331710629774697
3.9495798319327733,0.16772472766724578
3.953581432573029,0.3260450238972802
3.9575830332132855,0.32786446035792793
3.9615846338535414,0.22560640182824623
3.9655862344937978,0.2550530192976701
3.9695878351340537,0.29040701586276785
3.97358943577431,0.26783069725456143
3.977591036414566,0.3250002861116759
3.9815926370548222,0.29711148899069234
3.985594237695078,0.28074757157901536
3.9895958383353345,0.37350131227544014
3.9935974389755904,0.20674370736096448
3.9975990396158463,0.2514355504780075
4.001600640256102,0.24978897696612984
4.0056022408963585,0.268924327455513
4.009603841536615,0.28685626846756085
4.013605442176871,0.22477146548524934
4.017607042817127,0.2841963528793919
4.021608643457383,0.292569802394925
4.025610244097639,0.32138152198732994
4.029611844737896,0.2574767303160424
4.033613445378151,0.2894119669823936
4.0376150460184075,0.4126365216924072
4.041616646658664,0.3134248332109984
4.04561824729892,0.37138460601765266
4.049619847939176,0.20675011090421058
4.053621448579432,0.2917803857238757
4.057623049219688,0.2780056275725536
4.061624649859944,0.14506458983560291
4.0656262505002,0.2317977365308602
4.069627851140456,0.3240087551868739
4.073629451780713,0.3772854254694046
4.077631052420968,0.3298283324016448
4.081632653061225,0.24288708484390983
4.085634253701481,0.25046385617326444
4.089635854341737,0.2973718989080251
4.093637454981993,0.24134676585559653
4.097639055622249,0.26916237624584993
4.101640656262505,0.29783357624979934
4.105642256902761,0.30454929846503737
4.109643857543017,0.3429238715199121
4.1136454581832735,0.1709721752702854
4.11764705882353,0.27868896893841527
4.121648659463785,0.4280756091062966
4.125650260104042,0.377270711115498
4.129651860744298,0.1896827806686555
4.133653461384554,0.2124816255445953
4.13765506202481,0.30940725148811504
4.141656662665066,0.4875903130443074
4.1456582633053225,0.597523828607718
4.149659863945578,0.8432017889142179
4.153661464585834,1.181892038197788
4.157663065226091,1.3957297103771444
4.161664665866347,1.567442189635877
4.165666266506602,1.4053193067030527
4.169667867146859,1.1812758167417807
4.173669467787115,0.986498153366024
4.1776710684273715,0.5412153697242659
4.181672669067627,0.39323813578327144
4.185674269707883,0.3411079447058526
4.18967587034814,0.2555437514941716
4.193677470988396,0.23818656801761962
4.197679071628651,0.06390191384553005
4.201680672268908,-0.007072538607929909
4.205682272909164,0.06812950768389286
4.2096838735494195,-0.004328476575895457
4.213685474189676,-0.16890406832210492
4.217687074829932,-0.055354040602209775
4.221688675470189,0.11895577470664201
4.225690276110444,0.034693432601371726
4.2296918767507,0.09534582798925353
4.233693477390957,0.1359327895361428
4.237695078031213,0.2501327289323331
4.2416966786714685,0.22906211150914763
4.245698279311725,0.1791234168296955
4.249699879951981,0.23097045746025177
4.253701480592237,0.319075809123758
4.257703081232493,0.3320143827112432
4.261704681872749,0.32688633197469386
4.265706282513006,0.16690972509744023
4.269707883153261,0.2821528241567959
4.2737094837935174,0.34643326366792226
4.277711084433774,0.28620960466833634
4.28171268507403,0.2616773223461127
4.285714285714286,0.31162860107201085
4.289715886354542,0.36453674213739556
4.293717486994798,0.3943693390223748
4.297719087635055,0.35492442076273995
4.30172068827531,0.3882138164841457
4.305722288915566,0.5393806535786358
4.309723889555823,0.538497668086812
4.313725490196078,0.42919891659235493
4.3177270908363345,0.44084416024573175
4.321728691476591,0.49346226614683514
4.325730292116847,0.5092193861398648
4.329731892757103,0.43130673937143094
4.333733493397359,0.4823195653450294
4.337735094037615,0.5761316349056013
4.341736694677872,0.5179097808364048
4.345738295318127,0.5029951749718646
4.3497398959583835,0.5369071557259942
4.35374149659864,0.558673084267018
4.357743097238895,0.680632678146104
4.361744697879152,0.46658626994191865
4.365746298519408,0.5865159912957294
4.369747899159664,0.6181548712129982
4.37374949979992,0.6455316317373627
4.377751100440176,0.6180145064604335
4.3817527010804325,0.48798248890940393
4.385754301720689,0.5186614303417318
4.389755902360944,0.5342496321411374
4.393757503001201,0.5140132162010542
4.397759103641457,0.47403727337210966
4.401760704281713,0.5543856331844701
4.405762304921969,0.48918610674513674
4.409763905562225,0.35100952407675123
4.413765506202481,0.37172702268842056
4.417767106842737,0.45563063715668684
4.421768707482993,0.32081232585314096
4.42577030812325,0.3462984950063988
4.429771908763506,0.3382144239377439
4.433773509403761,0.30185954527884973
4.437775110044018,0.23203986121973247
4.441776710684274,0.26081537669444155
4.44577831132453,0.321700455051559
4.449779911964786,0.19183533538432013
4.453781512605042,0.36291240096669974
4.4577831132452985,0.37583010962160374
4.461784713885554,0.23348837071574854
4.46578631452581,0.20886053191070886
4.469787915166067,0.28974727759797314
4.473789515806323,0.2529696319915486
4.4777911164465785,0.3115577356853412
4.481792717086835,0.20492450829930728
4.485794317727091,0.288890990898344
4.4897959183673475,0.273163995753518
4.493797519007603,0.31936219275400785
4.497799119647859,0.17635457927090503
4.501800720288116,0.2417273151656615
4.505802320928372,0.3221171518935725
4.509803921568627,0.12659473347975228
4.513805522208884,0.1875878331354014
4.51780712284914,0.1360313943540901
4.5218087234893956,0.28653401097499936
4.525810324129652,0.2103173093969303
4.529811924769908,0.18413142609958602
4.533813525410165,0.2302315009894379
4.53781512605042,0.2618598411871514
4.541816726690676,0.24908533619478954
4.545818327330933,0.20450695310969116
4.549819927971189,0.24223128736500965
4.5538215286114445,0.3025586434450415
4.557823129251701,0.11501657161786566
4.561824729891957,0.1790873387143718
4.565826330532213,0.20565652566020073
4.569827931172469,0.2583247375009953
4.573829531812725,0.3052035412851991
4.577831132452982,0.15559456174668154
4.581832733093237,0.21224015140163424
4.5858343337334935,0.20412214169603132
4.58983593437375,0.16713350082154985
4.593837535014006,0.17030164218059451
4.597839135654262,0.07864397387749278
4.601840736294518,0.17497843829584883
4.605842336934774,0.2931284886753749
4.609843937575031,0.1588999258537025
4.613845538215286,0.09028930387993701
4.617847138855542,0.2703569637470586
4.621848739495799,0.17051161631532447
4.625850340136054,0.22010005072445918
4.629851940776311,0.05130652766215746
4.633853541416567,0.10919635420795631
4.637855142056823,0.17699607933918643
4.641856742697079,0.2945878393267922
4.645858343337335,0.04934648928107968
4.649859943977591,0.13679291416509282
4.653861544617848,0.30692709998726714
4.657863145258103,0.19125752262936463
4.6618647458983595,0.19928517384311925
4.665866346538616,0.21266383028400454
4.669867947178871,0.22842597901147224
4.673869547819128,0.23214742875757674
4.677871148459384,0.18506684173674154
4.68187274909964,0.13987220691726218
4.685874349739896,0.17077326870099524
4.689875950380152,0.17526033678024636
4.6938775510204085,0.17599896843027732
4.697879151660665,0.12148182064966358
4.70188075230092,0.15053917449456275
4.705882352941177,0.1907360091285375
4.709883953581433,0.23634549341428468
4.713885554221688,0.07330751719183859
4.717887154861945,0.19199105603519206
4.721888755502201,0.21899026975680053
4.7258903561424574,0.14144976244488075
4.729891956782713,0.17589026157287072
4.733893557422969,0.17855816384886386
4.737895158063226,0.14523843279949872
4.741896758703482,0.2387839245916617
4.745898359343737,0.18064240448039903
4.749899959983994,0.10188573104510235
4.75390156062425,0.2578390028619652
4.757903161264506,0.10327786849398397
4.761904761904762,0.1139670904026754
4.765906362545018,0.09868895755958233
4.7699079631852745,0.08764042021911109
4.77390956382553,0.11920163239263012
4.777911164465786,0.0621793343430862
4.781912765106043,0.13013828897769059
4.785914365746299,0.08901537059118932
4.7899159663865545,0.1803862048368793
4.793917567026811,0.08237673420138814
4.797919167667067,0.04136093491112789
4.8019207683073235,0.13482734220273174
4.805922368947579,0.08385915102680494
4.809923969587835,0.09394191689201067
4.813925570228092,0.07413194950033616
4.817927170868347,0.14679995776807447
4.821928771508603,0.09153778562440923
4.82593037214886,0.1497694431542696
4.829931972789116,0.09353535591430368
4.833933573429372,0.09211470415834833
4.837935174069628,0.03790671879872238
4.841936774709884,0.04093120436104927
4.845938375350141,-0.0015531732266194087
4.849939975990396,0.01099301438231362
4.853941576630652,0.18400969777466109
4.857943177270909,0.1177289071622252
4.861944777911165,0.018317613615915756
4.8659463785514205,0.004162067310412479
4.869947979191677,0.03269930910915171
4.873949579831933,0.05230379179331344
4.877951180472189,0.044998227329561394
4.881952781112445,0.03171721928046492
4.885954381752701,0.1594070594438347
4.889955982392958,0.08571920975981867
4.893957583033213,0.015076537555010698
4.8979591836734695,0.008125554310378542
4.901960784313726,0.05335369432224764
4.905962384953982,0.12173385999832004
4.909963985594238,0.07542768954375302
4.913965586234494,-0.0011110028205561367
4.91796718687475,0.010226070620901993
4.921968787515006,0.013441490732756196
4.925970388155262,0.03129382718469359
4.9299719887955185,-0.01861682556561179
4.933973589435775,-0.10766480827921084
4.93797519007603,0.07486260289030314
4.941976790716287,0.0320129987262202
4.945978391356543,0.09532418684609618
4.949979991996799,-0.07474111508061815
4.953981592637055,0.05936932151742018
4.957983193277311,0.04199375607655727
4.961984793917567,-0.02188100997065617
4.965986394557824,-0.05530414576611854
4.969987995198079,0.10637482393063734
4.9739895958383356,0.14455884488458273
4.977991196478592,0.354477197813336
4.981992797118847,0.5596917426809318
4.985994397759104,0.9768415534635854
4.98999599839936,1.1972822364739455
4.993997599039616,1.2207986406841769
4.997999199679872,0.9793252925216778
5.002000800320128,0.9525807528074419
5.0060024009603845,0.5370970010806997
5.010004001600641,0.2579700637897543
5.014005602240896,0.0689314886782671
5.018007202881153,-0.11338523245249203
5.022008803521409,-0.052657412342405584
5.0260104041616644,-0.13977285370531584
5.030012004801921,-0.3064146423212535
5.034013605442177,-0.2223677617794887
5.0380152060824335,-0.28878740922727203
5.042016806722689,-0.27665695273585245
5.046018407362945,-0.3593225420954822
5.050020008003202,-0.3263597664559434
5.054021608643458,-0.26579417191646926
5.058023209283713,-0.2951534910035556
5.06202480992397,-0.26903269913294403
5.066026410564226,-0.2145372361852638
5.070028011204482,-0.17009795880455736
5.074029611844738,-0.03169394239281119
5.078031212484994,-0.13072583658717105
5.082032813125251,-0.18215485081105187
5.086034413765506,0.013025630697345686
5.090036014405762,-0.02683096246442085
5.094037615046019,-0.005465603684985722
5.098039215686275,-0.07270757250834993
5.1020408163265305,-0.12687511567220022
5.106042416966787,-0.031230478955321155
5.110044017607043,-0.0856724535755389
5.1140456182472995,-0.12430878059445101
5.118047218887555,-0.07471732960436912
5.122048819527811,0.024467972302099007
5.126050420168068,0.018999976370297173
5.130052020808323,-0.13648231423282636
5.1340536214485795,-0.054015986808954836
5.138055222088836,0.07448485448136943
5.142056822729092,0.1362715821350539
5.146058423369348,-0.05864486736059062
5.150060024009604,0.08479195589873631
5.15406162464986,0.09610665833061646
5.158063225290117,0.20024451338038116
5.162064825930372,0.10661845879569813
5.166066426570628,0.019015569099164242
5.170068027210885,0.22484798905556796
5.17406962785114,0.16854573379011328
5.178071228491397,0.13963629625354307
5.182072829131653,0.2070817174566454
5.186074429771909,0.24456813428429966
5.190076030412165,0.2710207354398348
5.194077631052421,0.122203447192125
5.198079231692677,0.1220878484203809
5.202080832332934,0.19172733176986065
5.206082432973189,0.30173096917100506
5.2100840336134455,0.15892293295570226
5.214085634253702,0.04699416456112213
5.218087234893958,0.14561787613130958
5.222088835534214,0.19582017966614404
5.22609043617447,0.0843932937616228
5.230092036814726,0.04235898719093772
5.234093637454982,-0.00964341218719236
5.238095238095238,0.01724270426662805
5.2420968387354945,0.05868666916664084
5.246098439375751,-0.020440486004585687
5.250100040016006,-0.12076030654383288
5.254101640656263,-0.13366245300293064
5.258103241296519,0.03740980039719679
5.262104841936775,-0.012600302319355019
5.266106442577031,-0.19186774554797226
5.270108043217287,-0.1206991290687649
5.274109643857543,-0.011512697193775248
5.278111244497799,-0.1229739412507311
5.282112845138055,-0.2704556798553672
5.286114445778312,-0.08449102938128537
5.290116046418568,-0.12510516567556212
5.294117647058823,-0.1257712551590084
5.29811924769908,-0.25795389901845367
5.302120848339336,-0.15970376884168072
5.306122448979592,-0.0887862934895653
5.310124049619848,-0.14287016632300248
5.314125650260104,-0.21376287994093793
5.3181272509003605,-0.21655648868573918
5.322128851540617,-0.10131541276020023
5.326130452180872,-0.08952894022528804
5.330132052821129,-0.12099631657579576
5.334133653461385,-0.20867488002487405
5.3381352541016405,-0.13729944608260977
5.342136854741897,-0.13312729710455606
5.346138455382153,-0.27369462101231196
5.3501400560224095,-0.18229713035925754
5.354141656662665,-0.04865328616184861
5.358143257302921,-0.25346635063613504
5.362144857943178,-0.20618019166937326
5.366146458583434,-0.32317080365571427
5.370148059223689,-0.17264591265357915
5.374149659863946,-0.15548483858769246
5.378151260504202,-0.19918396649436046
5.382152861144458,-0.16555379915177537
5.386154461784714,-0.1707911116442774
5.39015606242497,-0.11983256373484558
5.394157663065227,-0.20948373312403437
5.398159263705482,-0.20724182929005797
5.402160864345738,-0.26808202018545824
5.406162464985995,-0.14015114358820907
5.410164065626251,-0.183752672689981
5.4141656662665065,-0.22582763671527145
5.418167266906763,-0.1939841870354936
5.422168867547019,-0.14301816248515076
5.4261704681872756,-0.17938564361934084
5.430172068827531,-0.19772585668321102
5.434173669467787,-0.16186219480051173
5.438175270108044,-0.19395312402401893
5.442176870748299,-0.14496838513803614
5.4461784713885555,-0.24153280884427727
5.450180072028812,-0.24376347551105818
5.454181672669068,-0.1811282939129087
5.458183273309324,-0.28877905378353863
5.46218487394958,-0.304047403350238
5.466186474589836,-0.30635379170110355
5.470188075230093,-0.19288412382624456
5.474189675870348,-0.19303404198372126
5.4781912765106044,-0.31919310502831866
5.482192877150861,-0.3309569765184223
5.486194477791116,-0.28630340204206206
5.490196078431373,-0.15805868940663
5.494197679071629,-0.22202969549058613
5.498199279711885,-0.33042020602369543
5.502200880352141,-0.2532047249528624
5.506202480992397,-0.23381785955501383
5.510204081632653,-0.2766973216894782
5.51420568227291,-0.29895054197884996
5.518207282913165,-0.29920855661712387
5.5222088835534215,-0.2500940570515241
5.526210484193678,-0.2953168928375194
5.530212084833934,-0.2875226951065888
5.53421368547419,-0.30572517287639567
5.538215286114446,-0.2015333444137867
5.542216886754702,-0.28915707415820113
5.546218487394958,-0.270238640907634
5.550220088035214,-0.24929086451459279
5.5542216886754705,-0.23993516327558473
5.558223289315727,-0.18078874718323615
5.562224889955982,-0.2581292115989916
5.566226490596239,-0.3224426097451673
5.570228091236495,-0.14727416846786714
5.574229691876751,-0.22511623916146953
5.578231292517007,-0.32679830400648674
5.582232893157263,-0.3341380878042261
5.5862344937975195,-0.18538785649124778
5.590236094437775,-0.23506121320984819
5.594237695078031,-0.3724048755088386
5.598239295718288,-0.27883247199544686
5.602240896358544,-0.26800894445369816
5.606242496998799,-0.23847946898756345
5.610244097639056,-0.3012595424754914
5.614245698279312,-0.29159832378281236
5.618247298919568,-0.2681305963399711
5.622248899559824,-0.28240116792904485
5.62625050020008,-0.347565166596345
5.630252100840337,-0.28650544290001395
5.634253701480592,-0.39132537382365995
5.638255302120848,-0.22972757621996856
5.642256902761105,-0.24685640926666594
5.646258503401361,-0.24723092663199497
5.6502601040416165,-0.36364813411157615
5.654261704681873,-0.2990562278288063
5.658263305322129,-0.17376673763776299
5.6622649059623855,-0.30421335252063914
5.666266506602641,-0.3296460628840955
5.670268107242897,-0.2423816271367823
5.674269707883154,-0.23017824761644146
5.67827130852341,-0.3201757230556317
5.6822729091636655,-0.2511715083097021
5.686274509803922,-0.3083925060140554
5.690276110444178,-0.24714555851816583
5.694277711084434,-0.2859389421187632
5.69827931172469,-0.41011768898563583
5.702280912364946,-0.24221206886204505
5.706282513005203,-0.19436634670711161
5.710284113645458,-0.17558146378777845
5.714285714285714,-0.17670375818334758
5.718287314925971,-0.3043319705655928
5.722288915566227,-0.22953333356658912
5.7262905162064826,-0.31717038193916686
5.730292116846739,-0.34673296301262385
5.734293717486995,-0.27641035776278233
5.738295318127251,-0.1592467060380507
5.742296918767507,-0.2492782485262162
5.746298519407763,-0.3519242304540782
5.75030012004802,-0.2674516407978919
5.754301720688275,-0.22400156397914386
5.7583033213285315,-0.2852772021895853
5.762304921968788,-0.2956219733681389
5.766306522609044,-0.347205957583525
5.7703081232493,-0.2046854011728128
5.774309723889556,-0.2986164360956277
5.778311324529812,-0.36410478483844383
5.782312925170069,-0.3530654151211043
5.786314525810324,-0.22220791493568964
5.7903161264505805,-0.1309461000209698
5.794317727090837,-0.3182732893176391
5.798319327731092,-0.33621606851021824
5.802320928371349,-0.1908942428774273
5.806322529011605,-0.010479593093366858
5.810324129651861,0.08238898971448633
5.814325730292117,0.2608529578269455
5.818327330932373,0.5416230561541153
5.822328931572629,0.8230460693939143
5.826330532212886,0.9670894902282194
5.830332132853141,0.7229862692634967
5.834333733493398,0.4770757638093608
5.838335334133654,0.3176840432916046
5.842336934773909,-0.058535272903150214
5.846338535414166,-0.34617478322976325
5.850340136054422,-0.41284672404658895
5.854341736694678,-0.48810363960886527
5.858343337334934,-0.4881691219204976
5.86234493797519,-0.5405106857240329
5.8663465386154465,-0.6315493261623722
5.870348139255703,-0.5008335555157264
5.874349739895958,-0.45913690973912974
5.878351340536215,-0.5032029904874968
5.882352941176471,-0.608359346194125
5.886354541816727,-0.5695157579981034
5.890356142456983,-0.4150150650293865
5.894357743097239,-0.3726604989926727
5.8983593437374955,-0.5526550937037527
5.902360944377751,-0.42209315087417065
5.906362545018007,-0.36505758494517976
5.910364145658264,-0.34379959668697846
5.91436574629852,-0.40703869223235356
5.918367346938775,-0.3496399299288812
5.922368947579032,-0.23213977941343575
5.926370548219288,-0.17059155327568212
5.9303721488595444,-0.21917199711272092
5.9343737494998,-0.26352516599418274
5.938375350140056,-0.19929594582088064
5.942376950780313,-0.32038343161828253
5.946378551420568,-0.24420222244118112
5.950380152060824,-0.2283740596706963
5.954381752701081,-0.08608085599103868
5.958383353341337,-0.08412275135096298
5.9623849539815925,-0.259699600484239
5.966386554621849,-0.33659589514777916
5.970388155262105,-0.10202468082574692
5.9743897559023615,-0.09474742666853082
5.978391356542617,-0.10756881770769833
5.982392957182873,-0.16657113039586202
5.98639455782313,-0.07519396829334865
5.990396158463386,-0.0341092241882331
5.9943977591036415,-0.0660784851503434
5.998399359743898,-0.1443770337721093
6.002400960384154,-0.13248949301658464
6.00640256102441,0.0033138982623212923
6.010404161664666,-0.03267931874218247
6.014405762304922,0.03945087681446417
6.018407362945179,0.030581797755465885
6.022408963585434,0.07685306472895387
6.02641056422569,0.03355885641020873
6.030412164865947,0.025682627971066595
6.034413765506203,-0.14600102604807244
6.038415366146459,0.02683243529981828
6.042416966786715,0.10574994194403244
6.046418567426971,-0.016741597705138063
6.050420168067227,-0.16190980826298576
6.054421768707483,-0.017605847490458952
6.058423369347739,-0.06014999540039357
6.062424969987996,-0.08331457932411085
6.066426570628251,-0.1432427179062599
6.0704281712685075,-0.0059616271190537015
6.074429771908764,-0.07530179302069134
6.07843137254902,-0.22632711473085285
6.082432973189276,-0.11584625875918453
6.086434573829532,-0.16002920216125463
6.090436174469788,-0.12479344535311843
6.094437775110045,-0.17609733757399135
6.0984393757503,-0.2580057842197534
6.1024409763905565,-0.2492254326304294
6.106442577030813,-0.22684847707322864
6.110444177671068,-0.18418419740465847
6.114445778311325,-0.23913145278398887
6.118447378951581,-0.3222545689998322
6.122448979591837,-0.14108099181781153
6.126450580232093,-0.22578918740141254
6.130452180872349,-0.3141647378754568
6.1344537815126055,-0.3214343152007929
6.138455382152862,-0.1741749914248932
6.142456982793117,-0.26835398240840025
6.146458583433374,-0.2086551629522292
6.15046018407363,-0.2991440953997331
6.154461784713885,-0.26712672554500017
6.158463385354142,-0.0950269975788717
6.162464985994398,-0.34712157794518195
6.166466586634654,-0.2605468341384828
6.17046818727491,-0.2049021773183401
6.174469787915166,-0.12363724025631462
6.1784713885554225,-0.2006598510662229
6.182472989195679,-0.32580738145051263
6.186474589835934,-0.2506870831757094
6.190476190476191,-0.233961210110609
6.194477791116447,-0.22778976806432272
6.1984793917567025,-0.281523075387464
6.202480992396959,-0.1778239413587634
6.206482593037215,-0.2697354775761987
6.2104841936774715,-0.16304961485622768
6.214485794317727,-0.3920977508325177
6.218487394957983,-0.21433241445433568
6.22248899559824,-0.16583682306347064
6.226490596238496,-0.243635054702079
6.230492196878751,-0.34519203562528383
6.234493797519008,-0.2156198255207183
6.238495398159264,-0.1098007298132401
6.2424969987995205,-0.19560632157167684
6.246498599439776,-0.2050181402133509
6.250500200080032,-0.25845771883099516
6.254501800720289,-0.1549220147618692
6.258503401360544,-0.1416374478937477
6.2625050020008,-0.173166744845087
6.266506602641057,-0.28632078210246575
6.270508203281313,-0.07788881912196394
6.2745098039215685,-0.1622587693959602
6.278511404561825,-0.16881642868233715
6.282513005202081,-0.18040500256365405
6.286514605842338,-0.17513239570228759
6.290516206482593,-0.22725916043741706
6.294517807122849,-0.23096007828472195
6.298519407763106,-0.21401637942465374
6.302521008403361,-0.20993105871309828
6.3065226090436175,-0.10576091946938787
6.310524209683874,-0.19611985075343896
6.31452581032413,-0.2897163430196734
6.318527410964386,-0.15377903537879953
6.322529011604642,-0.07537160809221402
6.326530612244898,-0.26469162008970476
6.330532212885155,-0.17018089906052847
6.33453381352541,-0.2656573921607868
6.3385354141656665,-0.1565789935071129
6.342537014805923,-0.14550658844377418
6.346538615446179,-0.1896133352110736
6.350540216086435,-0.19773494386140983
6.354541816726691,-0.055036915266965
6.358543417366947,-0.18417437804588876
6.362545018007203,-0.20829766515430717
6.366546618647459,-0.19687893757885172
6.370548219287715,-0.11197882703889
6.374549819927972,-0.07555835498164598
6.378551420568227,-0.1901038805530413
6.382553021208484,-0.258807567853302
6.38655462184874,-0.15171237970275414
6.390556222488996,-0.0264479380246777
6.394557823129252,-0.14597720946389334
6.398559423769508,-0.1740595322696876
6.402561024409764,-0.07252282349427334
6.40656262505002,-0.13513510012752067
6.410564225690276,-0.05114542089520856
6.4145658263305325,-0.17840310817119892
6.418567426970789,-0.14919416438274477
6.422569027611044,-0.0591860824830373
6.426570628251301,-0.17984682082910589
6.430572228891557,-0.23256692646580662
6.434573829531813,-0.21544555534027574
6.438575430172069,-0.07063461300346849
6.442577030812325,-0.03282050772097042
6.4465786314525815,-0.07680135218446812
6.450580232092838,-0.1533978519810314
6.454581832733093,0.08192848079131958
6.45858343337335,-0.20481385042646283
6.462585034013606,-0.23303612803371626
6.466586634653861,-0.23303293988087126
6.470588235294118,-0.11171151166779933
6.474589835934374,-0.050955404149093914
6.47859143657463,-0.11650277401143533
6.482593037214886,-0.20893916785284133
6.486594637855142,-0.10199160663091122
6.490596238495399,-0.08975065661473788
6.494597839135655,-0.04245347623450357
6.49859943977591,-0.23048770648571937
6.502601040416167,-0.09936413456393885
6.506602641056423,-0.01538848921412337
6.5106042416966785,-0.11279006011912095
6.514605842336935,-0.14781982143590772
6.518607442977191,-0.047131077229497935
6.5226090436174475,-0.07568257288350397
6.526610644257703,-0.04805900643143974
6.530612244897959,-0.138710244482013
6.534613845538216,-0.11086452177566677
6.538615446178472,-0.009174761516856096
6.5426170468187275,-0.07765990780942066
6.546618647458984,0.0008190402156343646
6.55062024809924,-0.14969038485485345
6.5546218487394965,-0.12519252980897932
6.558623449379752,-0.07728216357056694
6.562625050020008,-0.10733902965478723
6.566626650660265,-0.10252342606183824
6.57062825130052,-0.09204848400088109
6.574629851940776,-0.03651156537022958
6.578631452581033,-0.04980617558503379
6.582633053221289,-0.059748379296249064
6.586634653861545,-0.07350471986324922
6.590636254501801,0.011190416166049787
6.594637855142057,-0.09711497676872774
6.598639455782314,-0.12925207983156173
6.602641056422569,0.050245554842486384
6.606642657062825,0.0014096039232195032
6.610644257703082,-0.07076227711460865
6.614645858343337,-0.05658608349510301
6.6186474589835935,0.008400067148087503
6.62264905962385,0.07291327092829285
6.626650660264106,0.0006855645077017795
6.630652260904362,-0.12870792473525453
6.634653861544618,-0.040839451601394516
6.638655462184874,0.20700128992293462
6.642657062825131,0.35023140794138996
6.646658663465386,0.5534233451992927
6.6506602641056425,0.9065901803787484
6.654661864745899,1.106110055194431
6.658663465386155,1.2829479968547153
6.662665066026411,0.9959926928105787
6.666666666666667,0.7706546997927303
6.670668267306923,0.518326372832899
6.674669867947179,0.2780121220740478
6.678671468587435,0.07407504834390052
6.682673069227691,-0.11495223290659691
6.686674669867948,-0.21619371181223046
6.690676270508203,-0.06152283180194223
6.69467787114846,-0.1908728923753326
6.698679471788716,-0.36907994297029256
6.702681072428972,-0.2915136349054484
6.706682673069228,-0.16525602819686563
6.710684273709484,-0.23922082090972915
6.71468587434974,-0.3195837574919083
6.718687474989996,-0.25035212858151146
6.722689075630252,-0.12678736504563198
6.7266906762705085,-0.12985548565394753
6.730692276910765,-0.1972695187093016
6.73469387755102,-0.220399459802887
6.738695478191277,0.019111420478522323
6.742697078831533,0.09900381431510039
6.746698679471789,-0.08761188399416085
6.750700280112045,-0.11016101925403526
6.754701880752301,0.06693322784953976
6.7587034813925575,0.09757633067537139
6.762705082032813,0.07981374408838611
6.766706682673069,0.14363904732897495
6.770708283313326,0.11357374065765803
6.774709883953582,0.1421581833546571
6.778711484593837,0.1428518138158207
6.782713085234094,-0.04053557372568063
6.78671468587435,0.1353136885337229
6.7907162865146065,0.18131941533600743
6.794717887154862,0.2596871546540646
6.798719487795118,0.1380881100471846
6.802721088435375,0.2436143678595331
6.806722689075631,0.24011269391566228
6.810724289715886,0.19771729901733653
6.814725890356143,0.190802173096577
6.818727490996399,0.18626856587329738
6.8227290916366545,0.3305678937268497
6.826730692276911,0.28502432932074057
6.830732292917167,0.25607732819478607
6.834733893557424,0.3875126262744877
6.838735494197679,0.48780593140525547
6.842737094837935,0.3500731768299069
6.846738695478192,0.32831317532475934
6.850740296118448,0.354529591473034
6.8547418967587035,0.43753455122902235
6.85874349739896,0.5196954449146749
6.862745098039216,0.4051328231388759
6.866746698679472,0.4069808218710087
6.870748299319728,0.3860553864049418
6.874749899959984,0.4715437397703319
6.878751500600241,0.3879946560030453
6.882753101240496,0.36021485739667136
6.8867547018807524,0.3875323725216769
6.890756302521009,0.38148641732122807
6.894757903161265,0.333730754188227
6.898759503801521,0.2141224288938358
6.902761104441777,0.29194327745464643
6.906762705082033,0.3710808940107084
6.91076430572229,0.35262447472333397
6.914765906362545,0.2627313905214914
6.918767507002801,0.21211785357908505
6.922769107643058,0.2266048830116518
6.926770708283313,0.2559913162552704
6.9307723089235695,0.12020987279021988
6.934773909563826,0.17624005607314563
6.938775510204082,0.2953535131420387
6.942777110844338,0.2809057068749421
6.946778711484594,0.2716900948718956
6.95078031212485,0.19806895301506522
6.954781912765107,0.21535898029279463
6.958783513405362,0.2147855929078812
6.9627851140456185,0.1539088451570485
6.966786714685875,0.15969028149612768
6.97078831532613,0.1431517237190424
6.974789915966387,0.2727562620663737
6.978791516606643,0.15700513968133928
6.982793117246899,0.21406627030148762
6.986794717887155,0.17258717150921563
6.990796318527411,0.27559407928581076
6.9947979191676675,0.2139646159851584
6.998799519807924,0.12809547168124025
7.002801120448179,0.3156455873746259
7.006802721088436,0.2744354902248792
7.010804321728692,0.08948021316698992
7.014805922368948,0.19201280403439963
7.018807523009204,0.15681960664748607
7.02280912364946,0.2986216347979154
7.026810724289716,0.15158155694786746
7.030812324929972,0.17869456920942406
7.034813925570228,0.17381023087205405
7.038815526210485,0.22599665648323827
7.042817126850741,0.21802256759476238
7.046818727490996,0.027961954414232687
7.050820328131253,0.12968086347726568
7.054821928771509,0.24707769599332163
7.058823529411765,0.2509290011260481
7.062825130052021,0.2086354117900251
7.066826730692277,0.19231464049265012
7.0708283313325335,0.2897729053985273
7.074829931972789,0.2492801834882985
7.078831532613045,0.1813769678778974
7.082833133253302,0.026972125000833305
7.086834733893558,0.24480117895321996
7.0908363345338135,0.2669360932136733
7.09483793517407,0.21199789165952007
7.098839535814326,0.11315887336716715
7.1028411364545825,0.20925214096259537
7.106842737094838,0.22540393102808737
7.110844337735094,0.10068895229613417
7.114845938375351,0.1892078568101886
7.118847539015607,0.19308669613656826
7.122849139655862,0.19741683282211292
7.126850740296119,0.3086779671906764
7.130852340936375,0.17305644914560614
7.1348539415766306,0.24822126988378895
7.138855542216887,0.2805878387249337
7.142857142857143,0.3312503784038152
7.1468587434974,0.15441452629175806
7.150860344137655,0.2729599715142722
7.154861944777911,0.3300453082453906
7.158863545418168,0.27974641475507067
7.162865146058424,0.2052869750282023
7.1668667466986795,0.2196445356509691
7.170868347338936,0.26557422542242226
7.174869947979192,0.3376526369274056
7.178871548619448,0.2504133818274325
7.182873149259704,0.27120714921245764
7.18687474989996,0.3055758212275925
7.190876350540217,0.27481789559900144
7.194877951180472,0.23958976736882812
7.1988795518207285,0.231686230741197
7.202881152460985,0.31118737227293086
7.206882753101241,0.32430661700184304
7.210884353741497,0.26940315818100763
7.214885954381753,0.2823178994104717
7.218887555022009,0.2184708174654164
7.222889155662265,0.30322592900690654
7.226890756302521,0.2738622792068898
7.230892356942777,0.2779944153457088
7.234893957583034,0.18843121547640054
7.238895558223289,0.30706446409885424
7.242897158863546,0.35650552412223074
7.246898759503802,0.22804719935039736
7.250900360144058,0.239124586838652
7.254901960784314,0.3439771742991308
7.25890356142457,0.3061380770271418
7.262905162064826,0.21701621764353074
7.266906762705083,0.3073039181056012
7.270908363345338,0.19889845227213054
7.2749099639855945,0.42655178278788536
7.278911564625851,0.29418474238591213
7.282913165266106,0.2524708461597904
7.286914765906363,0.2590680768824822
7.290916366546619,0.2453997627978479
7.294917967186875,0.23941669673653826
7.298919567827131,0.21948809484987686
7.302921168467387,0.21155343096377632
7.3069227691076435,0.29797729760711084
7.3109243697479,0.24152055133055275
7.314925970388155,0.21458508236960666
7.318927571028412,0.24097395787972484
7.322929171668668,0.2926953693714883
7.326930772308923,0.37210569480991995
7.33093237294918,0.21005079916991726
7.334933973589436,0.3278147571692017
7.3389355742296924,0.31020863598578446
7.342937174869948,0.3002661570735838
7.346938775510204,0.19644653718919172
7.350940376150461,0.3753453904766776
7.354941976790717,0.3126613907273832
7.358943577430972,0.25332764187114176
7.362945178071229,0.24948423908163145
7.366946778711485,0.26917372924249283
7.370948379351741,0.21369598961246078
7.374949979991997,0.266818512272802
7.378951580632253,0.30418114102947164
7.3829531812725095,0.24660060277642099
7.386954781912765,0.338434223775137
7.390956382553021,0.2572250091367168
7.394957983193278,0.38780619010117157
7.398959583833534,0.26935028961221574
7.4029611844737895,0.30630955524068726
7.406962785114046,0.31205632852216286
7.410964385754302,0.20252220439199983
7.4149659863945585,0.28067559053696134
7.418967587034814,0.25004046257883483
7.42296918767507,0.3914783744389211
7.426970788315327,0.2635990024498333
7.430972388955582,0.2606927104282554
7.434973989595838,0.28440682570108616
7.438975590236095,0.30776770601795167
7.442977190876351,0.2758533057810229
7.446978791516607,0.27488505176262723
7.450980392156863,0.20508984568934696
7.454981992797119,0.38204475056291753
7.458983593437376,0.4299820284620542
7.462985194077631,0.31213474815078235
7.466986794717887,0.3288930835148298
7.470988395358144,0.45516642004082186
7.4749899959984,0.6952714718042435
7.4789915966386555,0.8803994591518274
7.482993197278912,1.1711321999780886
7.486994797919168,1.3756630467850077
7.490996398559424,1.4064570318611138
7.49499799919968,1.4380166482015055
7.498999599839936,1.0836306237791622
7.503001200480193,0.8973152548680883
7.507002801120448,0.6454917961921572
7.5110044017607045,0.45498227278054987
7.515006002400961,0.2272772690144086
7.519007603041217,0.20088440724309578
7.523009203681473,0.17242805220893173
7.527010804321729,0.0572789430164328
7.531012404961985,-0.07008699115012118
7.535014005602241,-0.023384796988615376
7.539015606242497,0.03179706947964127
7.5430172068827535,0.040185877188459604
7.54701880752301,-0.039966643638526686
7.551020408163265,0.042207298466186226
7.555022008803522,0.036031356151457195
7.559023609443778,0.0766000085195267
7.563025210084034,0.12264028207451694
7.56702681072429,0.12741217848722916
7.571028411364546,0.22720721558325258
7.575030012004802,0.30128774594646257
7.579031612645059,0.32973451096162265
7.583033213285314,0.18178807606569652
7.5870348139255706,0.2891850072980461
7.591036414565827,0.32519430228407104
7.595038015206082,0.34323547697393214
7.599039615846339,0.3115408572148219
7.603041216486595,0.25387175600080464
7.607042817126851,0.40685603468613757
7.611044417767107,0.27824708040485935
7.615046018407363,0.28884687766845296
7.6190476190476195,0.3558754559095977
7.623049219687876,0.42916526798188326
7.627050820328131,0.4239318903783666
7.631052420968388,0.32057899476254686
7.635054021608644,0.4491933476882458
7.6390556222488994,0.4580501345563667
7.643057222889156,0.477225360358704
7.647058823529412,0.39793489836827906
7.6510604241696685,0.4637811680646236
7.655062024809924,0.45298042159682306
7.65906362545018,0.5323699623535393
7.663065226090437,0.4837311811459299
7.667066826730693,0.5114031803032997
7.671068427370948,0.5130580152944142
7.675070028011205,0.7042159905608758
7.679071628651461,0.5115316693268763
7.6830732292917165,0.49912394792898734
7.687074829931973,0.5306880329592403
7.691076430572229,0.5636506095476381
7.695078031212486,0.5925654389729514
7.699079631852741,0.4441259421596747
7.703081232492997,0.5681438076322335
7.707082833133254,0.6216415910421507
7.71108443377351,0.46477490065353627
7.7150860344137655,0.5617635824011715
7.719087635054022,0.44695239182848384
7.723089235694278,0.48899987345469637
7.7270908363345345,0.46218496361329586
7.73109243697479,0.37107210549397507
7.735094037615046,0.47268665800131515
7.739095638255303,0.4077334545205354
7.743097238895558,0.4264648605128146
7.7470988395358145,0.3498662736024426
7.751100440176071,0.318712354330982
7.755102040816327,0.3368848273281837
7.759103641456583,0.3324815266203094
7.763105242096839,0.3172494278434299
7.767106842737095,0.3078771626426536
7.771108443377352,0.28087465327595595
7.775110044017607,0.34846338334592314
7.779111644657863,0.37426303213336776
7.78311324529812,0.2561913275851184
7.787114845938375,0.20575561709801313
7.791116446578632,0.30582302539091055
7.795118047218888,0.3355502062483362
7.799119647859144,0.15834125221030687
7.8031212484994,0.2932062172789121
7.807122849139656,0.2139467518958096
7.811124449779912,0.27420503362928655
7.815126050420169,0.2591280252762884
7.819127651060424,0.30495856398781074
7.8231292517006805,0.2309818139198899
7.827130852340937,0.27932869003483624
7.831132452981193,0.2774474383778885
7.835134053621449,0.21881028725120777
7.839135654261705,0.3017002792684849
7.843137254901961,0.291806064857195
7.847138855542217,0.17170068073084296
7.851140456182473,0.25220647334957097
7.8551420568227295,0.24218055932777977
7.859143657462986,0.21436129100568205
7.863145258103241,0.2756459246144584
7.867146858743498,0.18479460693184707
7.871148459383754,0.2808233002446647
7.87515006002401,0.30742498189836004
7.879151660664266,0.14656450641213686
7.883153261304522,0.21794684062504208
7.887154861944778,0.23854008437849955
7.891156462585034,0.23692120476399936
7.89515806322529,0.30030515241430733
7.899159663865547,0.17193088557814407
7.903161264505803,0.2144675841789704
7.907162865146058,0.24081023527347267
7.911164465786315,0.2652377403113255
7.915166066426571,0.22098441533862836
7.919167667066827,0.15523022052328372
7.923169267707083,0.3480921603071868
7.927170868347339,0.20798391763502358
7.9311724689875955,0.17718537624129446
7.935174069627852,0.248919584407209
7.939175670268107,0.23644023905759112
7.943177270908364,0.22376777234542186
7.94717887154862,0.15957664983259318
7.9511804721888755,0.1278635107269008
7.955182072829132,0.19805427422569513
7.959183673469388,0.2475526163845134
7.9631852741096445,0.1799824580065824
7.9671868747499,0.24529733436241163
7.971188475390156,0.21957610914199985
7.975190076030413,0.25428142105112883
7.979191676670669,0.157150915673433
7.983193277310924,0.15381234407680835
7.987194877951181,0.19282569974659147
7.991196478591437,0.3004555375759487
7.995198079231693,0.17304154815905132
7.999199679871949,0.17285353402247167
8.003201280512204,0.1369527517220223
8.00720288115246,0.26533587498285394
8.011204481792717,0.16674268744624765
8.015206082432973,0.12546917070606842
8.01920768307323,0.18507637797948462
8.023209283713486,0.19036261142481337
8.027210884353742,0.2307768684153721
8.031212484993999,0.12232536895158838
8.035214085634253,0.18962737024645607
8.03921568627451,0.18728330436986934
8.043217286914766,0.22714044331409206
8.047218887555022,0.05840476275399041
8.051220488195279,0.01444992195097567
8.055222088835535,0.203958554055225
8.059223689475791,0.17464288361464675
8.063225290116046,0.1101155424620356
8.067226890756302,0.18182849687301744
8.071228491396559,0.2649947449040148
8.075230092036815,0.26631203385778623
8.079231692677071,0.11976141719175343
8.083233293317328,0.08748153642038584
8.087234893957584,0.09940494953743455
8.09123649459784,0.2038332714746055
8.095238095238095,0.1427592712040496
8.099239695878351,0.06877929006643635
8.103241296518608,0.21131667300744017
8.107242897158864,0.2328096640824549
8.11124449779912,0.15842897295851205
8.115246098439377,0.15917046640632643
8.119247699079633,0.10958930780305123
8.123249299719888,0.21141119118704668
8.127250900360144,0.15585063610107563
8.1312525010004,0.09983716955689702
8.135254101640657,0.13627918146399579
8.139255702280913,0.19090919108330756
8.14325730292117,0.09158407241953329
8.147258903561426,0.11662505726973142
8.15126050420168,0.05501663375369556
8.155262104841936,0.1746040189581962
8.159263705482193,0.20379599888531538
8.16326530612245,0.05113188698675437
8.167266906762706,0.05637815506037232
8.171268507402962,0.20166806239556823
8.175270108043218,0.2105407686734508
8.179271708683475,0.07811324267593156
8.183273309323729,-0.07087454887560365
8.187274909963985,-0.029848699004848385
8.191276510604242,0.06187233559100828
8.195278111244498,-0.10215191030730014
8.199279711884754,-0.030591314952019187
8.20328131252501,0.11054736489677659
8.207282913165267,0.18860768747944046
8.211284513805522,0.047640141465567866
8.215286114445778,-0.06878121334793594
8.219287715086034,0.0445582928932957
8.22328931572629,0.06340269630596058
8.227290916366547,0.08514857530391848
8.231292517006803,0.013685398523969439
8.23529411764706,-0.07413358610676621
8.239295718287316,0.08601664399461381
8.24329731892757,0.11930482760353156
8.247298919567827,-0.02260965825907299
8.251300520208083,0.023638035130664946
8.25530212084834,0.10439470734864006
8.259303721488596,0.07119650521891757
8.263305322128852,0.04922864118893906
8.267306922769109,-0.0062110667763512414
8.271308523409363,0.048349865711276405
8.27531012404962,0.13689445880333312
8.279311724689876,0.04479412627035141
8.283313325330132,0.05077013615283979
8.287314925970389,-0.005909114676889142
8.291316526610645,0.07301663250184551
8.295318127250901,0.0291676246480584
8.299319727891156,0.11697966727515254
8.303321328531412,0.16860723865916116
8.307322929171669,0.3716436551501874
8.311324529811925,0.6526067855757465
8.315326130452181,0.865423244249895
8.319327731092438,1.1155475406110835
8.323329331732694,1.2557230663654868
8.32733093237295,1.074497494564069
8.331332533013205,0.7959604119216639
8.335334133653461,0.4532347064500542
8.339335734293718,0.33895288876601576
8.343337334933974,0.04484893558359335
8.34733893557423,-0.09347808187729371
8.351340536214487,-0.20185049395720056
8.355342136854743,-0.20301379447451603
8.359343737494997,-0.30292928442966904
8.363345338135254,-0.26690919119336304
8.36734693877551,-0.30363688471717454
8.371348539415767,-0.20202755040897533
8.375350140056023,-0.20469392986016052
8.37935174069628,-0.3956883105980617
8.383353341336536,-0.31078311660743485
8.387354941976792,-0.248832468012005
8.391356542617046,-0.2654614524547362
8.395358143257303,-0.21170315458857805
8.39935974389756,-0.24973485632003734
8.403361344537815,-0.11046319928294648
8.407362945178072,-0.09126485687335732
8.411364545818328,-0.013027698566442099
8.415366146458584,-0.1825589521276585
8.419367747098839,-0.01196397526726999
8.423369347739095,0.09381973506687968
8.427370948379352,-0.06726869853168972
8.431372549019608,-0.06536842298406392
8.435374149659864,-0.01775377271297904
8.43937575030012,-0.03584836392641208
8.443377350940377,-0.07093556105976909
8.447378951580633,-0.002184017048639797
8.451380552220888,-0.017207859026996498
8.455382152861144,0.01576889558114741
8.4593837535014,0.030398780183453194
8.463385354141657,0.030118168078716277
8.467386954781913,0.08751683326299009
8.47138855542217,0.1658481990165181
8.475390156062426,0.20118309699582315
8.47939175670268,0.13093930874152282
8.483393357342937,0.0864288821496286
8.487394957983193,0.1780726689236279
8.49139655862345,0.16104676786859043
8.495398159263706,0.151621273938059
8.499399759903962,0.25278017082733056
8.503401360544219,0.1533492608863481
8.507402961184473,0.3031666334297312
8.51140456182473,0.18273212032562863
8.515406162464986,0.16272417840663986
8.519407763105242,0.16829975534343125
8.523409363745499,0.22894016446428592
8.527410964385755,0.17845846723274292
8.531412565026011,0.1256274439591334
8.535414165666268,0.19964452373847905
8.539415766306522,0.2182147952815993
8.543417366946779,0.11688412519316808
8.547418967587035,0.037790851581597965
8.551420568227291,0.06324917411157518
8.555422168867548,0.09211575473972002
8.559423769507804,0.19493599441930573
8.56342537014806,0.07109674830761815
8.567426970788315,-0.0578873300530599
8.571428571428571,-0.00806019369342766
8.575430172068828,0.015461564881930907
8.579431772709084,-0.05799715125495307
8.58343337334934,-0.12558797941683053
8.587434973989597,-0.07609507724179211
8.591436574629853,0.026420504621707884
8.59543817527011,-0.07965830988940957
8.599439775910364,-0.07389819399053872
8.60344137655062,-0.16761943697209383
8.607442977190876,-0.05115366288788118
8.611444577831133,-0.1101250469707995
8.61544617847139,-0.13205181465711877
8.619447779111646,-0.23712189482070312
8.623449379751902,-0.14884125473547333
8.627450980392156,-0.047639334713534
8.631452581032413,-0.11617965555099008
8.635454181672669,-0.12039188169074559
8.639455782312925,-0.09981354320203378
8.643457382953182,-0.1438106706509144
8.647458983593438,-0.19107012579867505
8.651460584233694,-0.25999704800552503
8.65546218487395,-0.17617348006694675
8.659463785514205,-0.11674011754398643
8.663465386154462,-0.2034914681909797
8.667466986794718,-0.2432822757127711
8.671468587434974,-0.1418350939461997
8.67547018807523,-0.2458456747309538
8.679471788715487,-0.20638122837599307
8.683473389355743,-0.13579269656729806
8.687474989995998,-0.22425156679428127
8.691476590636254,-0.10530827404050569
8.69547819127651,-0.21481614801123028
8.699479791916767,-0.23270422718686595
8.703481392557023,-0.25801257365160274
8.70748299319728,-0.16595733299681248
8.711484593837536,-0.20066080456895624
8.71548619447779,-0.25300850329742325
8.719487795118047,-0.22193817148067363
8.723489395758303,-0.1412420353996393
8.72749099639856,-0.21133609701228986
8.731492597038816,-0.3030999744497742
8.735494197679072,-0.23180125671402355
8.739495798319329,-0.21933383357726383
8.743497398959585,-0.23075273337758687
8.74749899959984,-0.23582303812228542
8.751500600240096,-0.21183086840253934
8.755502200880352,-0.24490131962250963
8.759503801520609,-0.21360265201570477
8.763505402160865,-0.22314586541007753
8.767507002801121,-0.23902757776811684
8.771508603441378,-0.1649729889311561
8.775510204081632,-0.15776871832793302
8.779511804721889,-0.25438685670262917
8.783513405362145,-0.1948693496276746
8.787515006002401,-0.1369224571745503
8.791516606642658,-0.10860038998935945
8.795518207282914,-0.15859255700801042
8.79951980792317,-0.2214511608499439
8.803521408563427,-0.18443659069065588
8.807523009203681,-0.21925215866008438
8.811524609843937,-0.2859181918209142
8.815526210484194,-0.31404077710382095
8.81952781112445,-0.2527852965136227
8.823529411764707,-0.26052325798164355
8.827531012404963,-0.19142390997197525
8.83153261304522,-0.3313214124106468
8.835534213685474,-0.23905988509019838
8.83953581432573,-0.13042044453423796
8.843537414965986,-0.22059814917950432
8.847539015606243,-0.2834436853955522
8.8515406162465,-0.25599163343531794
8.855542216886755,-0.19052889274222018
8.859543817527012,-0.29635557902166165
8.863545418167266,-0.19021394540483985
8.867547018807523,-0.2356904561911837
8.871548619447779,-0.22217598056055893
8.875550220088035,-0.20484310764826064
8.879551820728292,-0.20881452412681437
8.883553421368548,-0.40281215426850436
8.887555022008804,-0.21008316497510915
8.89155662264906,-0.17012560149441197
8.895558223289315,-0.23441242109740512
8.899559823929572,-0.2516725570979078
8.903561424569828,-0.18291596644879712
8.907563025210084,-0.2556625054699175
8.91156462585034,-0.2084347375980246
8.915566226490597,-0.3637277409415905
8.919567827130853,-0.24649284140784816
8.923569427771108,-0.2518947453095034
8.927571028411364,-0.16702860973613665
8.93157262905162,-0.3089426054209328
8.935574229691877,-0.3611767891231276
8.939575830332133,-0.16251035109813605
8.94357743097239,-0.28710613651269984
8.947579031612646,-0.32721518177658104
8.951580632252902,-0.3059884723000984
8.955582232893157,-0.3075432693424553
8.959583833533413,-0.2524335525722051
8.96358543417367,-0.24672866750499955
8.967587034813926,-0.2984178245249513
8.971588635454182,-0.31158561289367265
8.975590236094439,-0.18840881316935862
8.979591836734695,-0.2754389458674421
8.98359343737495,-0.3279671915382933
8.987595038015206,-0.23493908272828234
8.991596638655462,-0.1662028422460956
8.995598239295719,-0.2780214356677008
8.999599839935975,-0.27831861494290255
9.003601440576231,-0.27448047370311945
9.007603041216488,-0.25849851270151897
9.011604641856744,-0.3907265321974892
9.015606242496998,-0.30504819831796615
9.019607843137255,-0.2815292586444991
9.023609443777511,-0.18884950274646206
9.027611044417768,-0.21436526260408767
9.031612645058024,-0.3453071944507129
9.03561424569828,-0.29939537176966896
9.039615846338537,-0.24616166568739584
9.043617446978791,-0.3711106717700502
9.047619047619047,-0.3603264300581752
9.051620648259304,-0.29895961516742187
9.05562224889956,-0.25884238728318865
9.059623849539816,-0.22906004503900135
9.063625450180073,-0.3232052881897102
9.06762705082033,-0.3905314533875416
9.071628651460584,-0.2174140906726914
9.07563025210084,-0.3086143730513923
9.079631852741096,-0.31644777367193283
9.083633453381353,-0.359651551109012
9.087635054021609,-0.31003179301493106
9.091636654661865,-0.25771189515044973
9.095638255302122,-0.2794011635161717
9.099639855942378,-0.4214716768450929
9.103641456582633,-0.3087133161319704
9.107643057222889,-0.2865446969737413
9.111644657863145,-0.2732048640946776
9.115646258503402,-0.3374682510757603
9.119647859143658,-0.32062408848399054
9.123649459783914,-0.21740030285219294
9.12765106042417,-0.24911212054113796
9.131652661064425,-0.3178946584044604
9.135654261704682,-0.13772152130021803
9.139655862344938,0.008613483637022697
9.143657462985194,0.35484743093424365
9.14765906362545,0.5104441803647464
9.151660664265707,0.7182313399848164
9.155662264905963,0.8265289144299589
9.15966386554622,0.8969942871239678
9.163665466186474,0.4326727974569927
9.16766706682673,0.16963879475203347
9.171668667466987,-0.14692006718870004
9.175670268107243,-0.2096557324352457
9.1796718687475,-0.39654664450190497
9.183673469387756,-0.5285510562378036
9.187675070028012,-0.5290646688325684
9.191676670668267,-0.4988950864118067
9.195678271308523,-0.47461426705843185
9.19967987194878,-0.676875722513545
9.203681472589036,-0.6110903777906888
9.207683073229292,-0.6165137775814892
9.211684673869549,-0.6000137008649594
9.215686274509805,-0.6422954409588436
9.219687875150061,-0.5470312057313177
9.223689475790316,-0.4073136037271793
9.227691076430572,-0.49171781590995717
9.231692677070829,-0.4359793668598042
9.235694277711085,-0.3832554630670709
9.239695878351341,-0.36960111442733684
9.243697478991598,-0.33365447954088157
9.247699079631854,-0.3115017341365177
9.251700680272108,-0.32290931286601066
9.255702280912365,-0.28353901420684763
9.259703881552621,-0.22254183466737723
9.263705482192877,-0.36314922370767505
9.267707082833134,-0.35182346575282486
9.27170868347339,-0.2475353290491285
9.275710284113647,-0.2585921795346207
9.279711884753901,-0.17477557687464867
9.283713485394157,-0.40300611458361346
9.287715086034414,-0.17667089248751613
9.29171668667467,-0.05931613164899623
9.295718287314926,-0.2110464065266395
9.299719887955183,-0.2767714040618559
9.30372148859544,-0.10783105505914714
9.307723089235695,-0.11153883060449651
9.31172468987595,-0.07864276155516459
9.315726290516206,-0.07862285655328141
9.319727891156463,-0.062414484111213614
9.323729491796719,-0.10196796557686562
9.327731092436975,-0.02808705800000042
9.331732693077232,-0.028457957201459196
9.335734293717488,0.022354190912463816
9.339735894357743,0.10725214581448893
9.343737494997999,0.14747831954229254
9.347739095638255,-0.013277738453027307
9.351740696278512,0.0038769915901179022
9.355742296918768,0.06210906249654989
9.359743897559024,0.03211849898577828
9.36374549819928,-0.06653236972350118
9.367747098839537,0.020274063093447238
9.371748699479792,0.013004460899316821
9.375750300120048,0.057234336756676565
9.379751900760304,0.004395730012037788
9.38375350140056,-0.07635182905725721
9.387755102040817,0.023414830719148932
9.391756702681073,-0.014452747301866666
9.39575830332133,-0.1747363965246171
9.399759903961584,-0.13404299492928776
9.40376150460184,-0.09797751993040016
9.407763105242097,-0.05210597382948544
9.411764705882353,-0.16129543587778078
9.41576630652261,-0.299561581282537
9.419767907162866,-0.26801304846994917
9.423769507803122,-0.14201044362966847
9.427771108443377,-0.17325010052713974
9.431772709083633,-0.2860952587628839
9.43577430972389,-0.1878865498841347
9.439775910364146,-0.2195049519288556
9.443777511004402,-0.27010603682388773
9.447779111644659,-0.3039357136326871
9.451780712284915,-0.2916542438345457
9.455782312925171,-0.24184466686812764
9.459783913565426,-0.23049264066930358
9.463785514205682,-0.2638894853490549
9.467787114845938,-0.2632633508797647
9.471788715486195,-0.27420233895593743
9.475790316126451,-0.2371948551667923
9.479791916766708,-0.23772169126077297
9.483793517406964,-0.2947044425478122
9.487795118047218,-0.2603980277374421
9.491796718687475,-0.2302234883574629
9.495798319327731,-0.20086052390184433
9.499799919967987,-0.23142756922909424
9.503801520608244,-0.2808718337616736
9.5078031212485,-0.17017129201599374
9.511804721888756,-0.25286162173598775
9.515806322529013,-0.3302635625753358
9.519807923169267,-0.2606831638462501
9.523809523809524,-0.16704616150049206
9.52781112444978,-0.25566400500214853
9.531812725090036,-0.3063435042139009
9.535814325730293,-0.1830384229740699
9.539815926370549,-0.10763177809160265
9.543817527010805,-0.1476743781266665
9.54781912765106,-0.263549644022959
9.551820728291316,-0.2601748632216232
9.555822328931573,-0.17411274961413498
9.559823929571829,-0.18567616847398732
9.563825530212085,-0.3783798331898837
9.567827130852342,-0.19387382940125136
9.571828731492598,-0.2684726718649791
9.575830332132854,-0.18092472294116815
9.579831932773109,-0.16299883216905417
9.583833533413365,-0.28500889164011767
9.587835134053622,-0.17502709282222473
9.591836734693878,-0.1447685500456354
9.595838335334134,-0.23355323124913174
9.59983993597439,-0.3391972441251029
9.603841536614647,-0.22145952796834845
9.607843137254902,-0.14543058324187724
9.611844737895158,-0.2764093222664941
9.615846338535414,-0.2036376328732826
9.61984793917567,-0.25694288045235425
9.623849539815927,-0.2120672947440838
9.627851140456183,-0.20982044548227585
9.63185274109644,-0.18154481305667441
9.635854341736694,-0.31983350141424305
9.63985594237695,-0.10800593197302957
9.643857543017207,-0.08737230994987591
9.647859143657463,-0.20893027828030447
9.65186074429772,-0.2611346491243123
9.655862344937976,-0.06354200862324813
9.659863945578232,-0.16842631357480314
9.663865546218489,-0.1712541705848006
9.667867146858743,-0.26810058522736896
9.671868747499,-0.11544090504134515
9.675870348139256,-0.14288877428871272
9.679871948779512,-0.22846939009293657
9.683873549419769,-0.20145776580796668
9.687875150060025,-0.21048213152114145
9.691876750700281,-0.1452472451076946
9.695878351340536,-0.15753911503183476
9.699879951980792,-0.143558758895732
9.703881552621048,-0.1625010710340377
9.707883153261305,-0.22407821079442714
9.711884753901561,-0.13817635942028844
9.715886354541817,-0.24235674870790794
9.719887955182074,-0.18435944907990517
9.72388955582233,-0.09973567386389207
9.727891156462585,-0.02404098588117635
9.731892757102841,-0.11791716021942049
9.735894357743097,-0.15945210083778005
9.739895958383354,-0.00898696006175518
9.74389755902361,-0.19662375584851893
9.747899159663866,-0.11629094450622599
9.751900760304123,-0.15337878441417876
9.755902360944377,-0.1316219919849524
9.759903961584634,-0.07735647661637338
9.76390556222489,-0.15840987434185178
9.767907162865146,-0.1955082365262189
9.771908763505403,-0.0025168867275131394
9.775910364145659,-0.0220503410777987
9.779911964785915,-0.16475133090702304
9.78391356542617,-0.1236974326132956
9.787915166066426,-0.1184360357647744
9.791916766706683,-0.08957226577568013
9.795918367346939,-0.1269755529749235
9.799919967987195,-0.1346097868150077
9.803921568627452,-0.162894090463616
9.807923169267708,-0.05831111737576995
9.811924769907964,-0.1556571365635742
9.815926370548219,-0.05824587685777309
9.819927971188475,-0.06802774319464988
9.823929571828732,-0.021829675805526007
9.827931172468988,-0.1641205902093348
9.831932773109244,-0.15540023610611803
9.8359343737495,-0.1828581610951306
9.839935974389757,-0.038259893119848704
9.843937575030012,-0.03130198110978301
9.847939175670268,-0.12564140019403316
9.851940776310524,-0.11887217228023428
9.85594237695078,-0.1516570968353329
9.859943977591037,0.04482632952414466
9.863945578231293,-0.043766392414213706
9.86794717887155,-0.07642238668705298
9.871948779511806,-0.07079571235811988
9.87595038015206,-0.008648909342111537
9.879951980792317,-0.07691866972253059
9.883953581432573,-0.12103309634332646
9.88795518207283,-0.06547962078991375
9.891956782713086,0.008446300347998245
9.895958383353342,-0.11120678180537012
9.899959983993599,-0.08560301366202346
9.903961584633853,-0.04076787072313655
9.90796318527411,-0.06322552289117116
9.911964785914366,-0.02439561119115327
9.915966386554622,-0.06567293153690557
9.919967987194878,-0.03555433852613073
9.923969587835135,0.06388719741485598
9.927971188475391,-0.16211224833047155
9.931972789115648,-0.13906094145773576
9.935974389755902,-0.126578337022335
9.939975990396158,0.01357038510017786
9.943977591036415,0.01516760330088181
9.947979191676671,-0.031615751903101084
9.951980792316927,-0.027203031456142186
9.955982392957184,-0.04223707316481865
9.95998399359744,0.04892948730414971
9.963985594237695,0.030795808716064278
9.967987194877951,0.15526367122188764
9.971988795518207,0.30152867099203307
9.975990396158464,0.653747587869326
9.97999199679872,0.9010701904355954
9.983993597438976,1.026262975607957
9.987995198079233,1.1553927541516877
9.991996798719487,1.1428822714533253
9.995998399359744,0.7818875995932647
10.0,0.5114495251723458
