time,signal
0,-2.38E-05
0.00400160064,-0.040495
0.008003201281,-0.033426
0.01200480192,-0.012227
0.01600640256,-0.0077248
0.0200080032,-0.0068992
0.02400960384,-0.0010339
0.02801120448,0.004888
0.03201280512,0.0067888
0.03601440576,0.0064343
0.0400160064,0.0080032
0.04401760704,0.0073437
0.04801920768,0.0002312
0.05202080832,-0.0054448
0.05602240896,-0.0043631
0.0600240096,-0.0019605
0.06402561024,0.00078097
0.06802721088,0.0054101
0.07202881152,0.0053085
0.07603041216,-0.00020103
0.08003201281,-0.0036353
0.08403361345,-0.0039904
0.08803521409,-0.0021448
0.09203681473,0.00067305
0.09603841537,0.00048049
0.100040016,8.39E-05
0.1040416166,0.0022441
0.1080432173,0.0018705
0.1120448179,-0.0018505
0.1160464186,-0.0036233
0.1200480192,-0.00027645
0.1240496198,0.0035653
0.1280512205,0.00084694
0.1320528211,-0.002605
0.1360544218,0.001541
0.1400560224,0.0058915
0.144057623,0.0014458
0.1480592237,-0.0051772
0.1520608243,-0.0037233
0.156062425,0.00026853
0.1600640256,-0.0020554
0.1640656263,-0.0024552
0.1680672269,0.003807
0.1720688275,0.0034458
0.1760704282,-0.0044592
0.1800720288,-0.0044705
0.1840736295,0.0033733
0.1880752301,0.0074023
0.1920768307,0.0053697
0.1960784314,0.00070149
0.200080032,-0.0022812
0.2040816327,-0.0018325
0.2080832333,-0.0035501
0.2120848339,-0.0060575
0.2160864346,-0.0015743
0.2200880352,0.0024223
0.2240896359,-0.00069953
0.2280912365,-0.00050348
0.2320928371,0.0039007
0.2360944378,0.0040393
0.2400960384,0.0022228
0.2440976391,-0.00094381
0.2480992397,-0.0068278
0.2521008403,-0.0071563
0.256102441,7.28E-05
0.2601040416,0.0059674
0.2641056423,0.0072134
0.2681072429,0.0053295
0.2721088435,0.0010633
0.2761104442,-0.0018693
0.2801120448,-0.0032056
0.2841136455,-0.0061298
0.2881152461,-0.0052606
0.2921168467,0.0016486
0.2961184474,0.0034758
0.300120048,-0.0027637
0.3041216487,-0.0036838
0.3081232493,0.0041865
0.3121248499,0.0058953
0.3161264506,-0.00073936
0.3201280512,-0.00061289
0.3241296519,0.004807
0.3281312525,0.0011664
0.3321328531,-0.0067315
0.3361344538,-0.004238
0.3401360544,0.0031438
0.3441376551,0.002037
0.3481392557,-0.0018524
0.3521408563,-0.00058869
0.356142457,-0.0010434
0.3601440576,-0.00268
0.3641456583,0.0022154
0.3681472589,0.0061409
0.3721488595,0.0017582
0.3761504602,-0.0026965
0.3801520608,-0.0015558
0.3841536615,0.00054217
0.3881552621,0.00011796
0.3921568627,-0.00038494
0.3961584634,0.00050867
0.400160064,-0.0012367
0.4041616647,-0.0056692
0.4081632653,-0.0053426
0.4121648659,0.0002267
0.4161664666,0.0042883
0.4201680672,0.0060576
0.4241696679,0.0068609
0.4281712685,0.0048547
0.4321728691,-8.87E-05
0.4361744698,-0.0053526
0.4401760704,-0.0073428
0.4441776711,-0.0044036
0.4481792717,0.00076377
0.4521808723,0.0034278
0.456182473,0.0024814
0.4601840736,0.00072149
0.4641856743,-0.0018783
0.4681872749,-0.004651
0.4721888756,-0.0022012
0.4761904762,0.0029813
0.4801920768,0.003252
0.4841936775,0.0021724
0.4881952781,0.0031497
0.4921968788,0.00024842
0.4961984794,-0.0037082
0.50020008,-0.0011732
0.5042016807,0.00059751
0.5082032813,-0.0026276
0.512204882,-0.00045469
0.5162064826,0.0044447
0.5202080832,0.0012272
0.5242096839,-0.0024841
0.5282112845,0.00065407
0.5322128852,0.0014412
0.5362144858,-0.0037872
0.5402160864,-0.0058759
0.5442176871,-0.001656
0.5482192877,0.0026438
0.5522208884,0.0036754
0.556222489,0.003459
0.5602240896,0.0037444
0.5642256903,0.0019373
0.5682272909,-0.0026252
0.5722288916,-0.0032798
0.5762304922,0.00052516
0.5802320928,-0.000435
0.5842336935,-0.0048678
0.5882352941,-0.0016385
0.5922368948,0.0053349
0.5962384954,0.0036166
0.600240096,-0.0036394
0.6042416967,-0.0055743
0.6082432973,0.00028107
0.612244898,0.0059642
0.6162464986,0.0027035
0.6202480992,-0.0030708
0.6242496999,-0.0016108
0.6282513005,0.0015973
0.6322529012,0.0019947
0.6362545018,0.0025924
0.6402561024,0.00048954
0.6442577031,-0.0048173
0.6482593037,-0.0055047
0.6522609044,-0.00059797
0.656262505,0.0028038
0.6602641056,0.0013797
0.6642657063,-0.0013017
0.6682673069,-8.78E-05
0.6722689076,0.003556
0.6762705082,0.0038708
0.6802721088,0.00063531
0.6842737095,-0.0017069
0.6882753101,-0.0016558
0.6922769108,-0.0016921
0.6962785114,-0.0028754
0.700280112,-0.0026553
0.7042817127,0.0012585
0.7082833133,0.0049878
0.712284914,0.002963
0.7162865146,-0.00069249
0.7202881152,-0.0010721
0.7242897159,-0.0022074
0.7282913165,-0.0037646
0.7322929172,-0.00032737
0.7362945178,0.0042057
0.7402961184,0.0023941
0.7442977191,-0.0023389
0.7482993197,-0.0023243
0.7523009204,0.00014197
0.756302521,0.00025064
0.7603041216,0.0011959
0.7643057223,0.0030651
0.7683073229,0.00095705
0.7723089236,-0.0020656
0.7763105242,-0.0022108
0.7803121248,-0.0023965
0.7843137255,-0.00067339
0.7883153261,0.0051474
0.7923169268,0.0059349
0.7963185274,-0.0015213
0.8003201281,-0.0051777
0.8043217287,-0.0015398
0.8083233293,-0.00012912
0.81232493,-0.002069
0.8163265306,-0.00091893
0.8203281313,0.0023541
0.8243297319,0.001234
0.8283313325,-0.0023172
0.8323329332,0.00011726
0.8363345338,0.0039408
0.8403361345,0.00036308
0.8443377351,-0.0030181
0.8483393357,0.00068252
0.8523409364,0.0038013
0.856342537,0.0015239
0.8603441377,-0.00049559
0.8643457383,0.00065674
0.8683473389,9.87E-05
0.8723489396,-0.0049902
0.8763505402,-0.010273
0.8803521409,-0.0058575
0.8843537415,0.0094229
0.8883553421,0.015111
0.8923569428,0.0027621
0.8963585434,-0.0057146
0.9003601441,-0.0022034
0.9043617447,0.00014683
0.9083633453,-0.0017368
0.912364946,-0.0036481
0.9163665466,-0.0031332
0.9203681473,0.00030781
0.9243697479,0.0020381
0.9283713485,0.00047126
0.9323729492,0.00029666
0.9363745498,0.0013133
0.9403761505,0.0010118
0.9443777511,0.0024016
0.9483793517,0.0041933
0.9523809524,0.00031603
0.956382553,-0.0049583
0.9603841537,-0.0033825
0.9643857543,0.00048158
0.9683873549,-0.00021289
0.9723889556,-0.00063964
0.9763905562,0.001366
0.9803921569,5.91E-05
0.9843937575,-0.0025626
0.9883953581,-0.0011224
0.9923969588,0.0012169
0.9963985594,0.00026982
1.00040016,-0.00036952
1.004401761,0.0021738
1.008403361,0.003075
1.012404962,0.0025259
1.016406563,0.0035246
1.020408163,-0.00014212
1.024409764,-0.0065548
1.028411365,-0.0059634
1.032412965,-0.0028765
1.036414566,-0.0014581
1.040416166,0.0033169
1.044417767,0.0065405
1.048419368,0.0021245
1.052420968,-0.0019433
1.056422569,8.83E-05
1.06042417,0.0019457
1.06442577,-2.11E-05
1.068427371,-0.0018405
1.072428972,-0.0022592
1.076430572,-0.0021728
1.080432173,0.00061218
1.084433774,0.0036749
1.088435374,0.00084552
1.092436975,-0.004536
1.096438575,-0.0039332
1.100440176,0.0015961
1.104441777,0.0035554
1.108443377,0.00085274
1.112444978,0.00094133
1.116446579,0.0042462
1.120448179,0.0026172
1.12444978,-0.0041622
1.128451381,-0.0066411
1.132452981,-0.0017893
1.136454582,0.0034838
1.140456182,0.0032476
1.144457783,-0.0014273
1.148459384,-0.0035597
1.152460984,0.00028011
1.156462585,0.00329
1.160464186,0.0015426
1.164465786,0.00072767
1.168467387,0.0015068
1.172468988,-0.0011353
1.176470588,-0.0042048
1.180472189,-0.0023767
1.18447379,0.00029578
1.18847539,-0.00053558
1.192476991,-0.00072683
1.196478591,0.0021382
1.200480192,0.0040541
1.204481793,0.0031383
1.208483393,0.00044461
1.212484994,-0.0026302
1.216486595,-0.0032079
1.220488195,-0.0014695
1.224489796,-8.34E-05
1.228491397,0.0016906
1.232492997,0.0023224
1.236494598,-0.0013989
1.240496198,-0.0038136
1.244497799,0.00048838
1.2484994,0.0039706
1.252501,0.00054696
1.256502601,-0.0019206
1.260504202,0.0010299
1.264505802,0.0018988
1.268507403,-0.00041356
1.272509004,-0.0001594
1.276510604,0.00076053
1.280512205,-0.0022778
1.284513806,-0.008785
1.288515406,-0.010911
1.292517007,0.0023616
1.296518607,0.019607
1.300520208,0.015166
1.304521809,-0.002937
1.308523409,-0.010301
1.31252501,-0.0069762
1.316526611,-0.00070942
1.320528211,0.0030461
1.324529812,-0.00011293
1.328531413,-0.0017407
1.332533013,0.0037076
1.336534614,0.0047355
1.340536214,-0.0031228
1.344537815,-0.0078452
1.348539416,-0.0035208
1.352541016,0.0025081
1.356542617,0.0041089
1.360544218,0.0029349
1.364545818,0.0011174
1.368547419,-0.0021055
1.37254902,-0.0047366
1.37655062,-0.003491
1.380552221,0.0011993
1.384553822,0.006798
1.388555422,0.0076204
1.392557023,0.00055156
1.396558623,-0.0052626
1.400560224,-0.0028473
1.404561825,0.00018559
1.408563425,-0.0018816
1.412565026,-0.0033034
1.416566627,-0.00089755
1.420568227,0.00037424
1.424569828,0.0011585
1.428571429,0.0045023
1.432573029,0.0041758
1.43657463,-0.00055898
1.44057623,-0.00208
1.444577831,-0.00076898
1.448579432,-0.00048448
1.452581032,-0.0008274
1.456582633,-0.00045592
1.460584234,0.00061071
1.464585834,-7.38E-06
1.468587435,-0.0020697
1.472589036,-0.0017486
1.476590636,0.00021826
1.480592237,0.00099475
1.484593838,0.0010223
1.488595438,0.00056401
1.492597039,-0.00011899
1.496598639,-0.00021649
1.50060024,-0.0001341
1.504601841,0.0015044
1.508603441,0.0044164
1.512605042,0.0023229
1.516606643,-0.0038257
1.520608243,-0.0043705
1.524609844,-0.00034374
1.528611445,0.00053387
1.532613045,0.0001055
1.536614646,0.0021421
1.540616246,0.0027658
1.544617847,-0.0012642
1.548619448,-0.0057561
1.552621048,-0.0050852
1.556622649,1.42E-05
1.56062425,0.0029281
1.56462585,0.0011135
1.568627451,0.0015514
1.572629052,0.006654
1.576630652,0.0060693
1.580632253,-0.0024292
1.584633854,-0.0066445
1.588635454,-0.0037152
1.592637055,-0.00082046
1.596638655,0.00097668
1.600640256,0.0016854
1.604641857,0.0002233
1.608643457,0.00033011
1.612645058,0.0019541
1.616646659,0.00072738
1.620648259,-0.0012965
1.62464986,-0.0008635
1.628651461,-0.00061945
1.632653061,-0.0025278
1.636654662,-0.0023051
1.640656263,0.002816
1.644657863,0.0046346
1.648659464,-0.0018393
1.652661064,-0.0047842
1.656662665,0.0016839
1.660664266,0.0055069
1.664665866,0.002072
1.668667467,-0.0005344
1.672669068,-0.00044469
1.676670668,-0.0016397
1.680672269,-0.0046269
1.68467387,-0.0043603
1.68867547,0.0022895
1.692677071,0.0021454
1.696678671,-0.010659
1.700680272,-0.0047777
1.704681873,0.023392
1.708683473,0.020813
1.712685074,-0.010916
1.716686675,-0.017176
1.720688275,-0.0029878
1.724689876,0.00027815
1.728691477,-0.0019348
1.732693077,-0.00027188
1.736694678,0.0024516
1.740696279,0.0035772
1.744697879,0.0019311
1.74869948,0.00013374
1.75270108,0.0002705
1.756702681,1.93E-05
1.760704282,-0.00091302
1.764705882,-0.00094145
1.768707483,0.00085574
1.772709084,0.00306
1.776710684,0.00051888
1.780712285,-0.0041334
1.784713886,-0.0022849
1.788715486,-0.00036034
1.792717087,-0.0065044
1.796718687,-0.0062209
1.800720288,0.0083926
1.804721889,0.01428
1.808723489,0.00096108
1.81272509,-0.0078494
1.816726691,-0.0024733
1.820728291,0.0011649
1.824729892,0.00050166
1.828731493,0.0028448
1.832733093,0.0032361
1.836734694,-0.0014985
1.840736295,-0.0042652
1.844737895,-0.0017515
1.848739496,0.0016472
1.852741096,0.00065211
1.856742697,-0.00369
1.860744298,-0.004315
1.864745898,-0.00041724
1.868747499,0.0023729
1.8727491,0.0038636
1.8767507,0.0037861
1.880752301,0.00032361
1.884753902,-0.0013189
1.888755502,0.00035203
1.892757103,0.0009715
1.896758703,0.00080916
1.900760304,-0.00027575
1.904761905,-0.0020865
1.908763505,-0.0010835
1.912765106,-0.00061916
1.916766707,-0.0033204
1.920768307,-0.0016376
1.924769908,0.0024845
1.928771509,0.00066392
1.932773109,-0.0006596
1.93677471,0.0024426
1.940776311,0.0022028
1.944777911,-0.0011573
1.948779512,-0.001609
1.952781112,0.0012696
1.956782713,0.0039838
1.960784314,0.001556
1.964785914,-0.0045064
1.968787515,-0.0041397
1.972789116,0.0016945
1.976790716,0.0012587
1.980792317,-0.0034128
1.984793918,-0.0021551
1.988795518,0.002973
1.992797119,0.0045181
1.996798719,0.0020587
2.00080032,-0.00086481
2.004801921,-0.0022458
2.008803521,-0.002402
2.012805122,-0.0011927
2.016806723,0.0016811
2.020808323,0.0032831
2.024809924,0.00082445
2.028811525,-0.0015941
2.032813125,0.0014019
2.036814726,-0.0014296
2.040816327,-0.015322
2.044817927,-0.01296
2.048819528,0.013611
2.052821128,0.029175
2.056822729,0.010053
2.06082433,-0.01548
2.06482593,-0.0060764
2.068827531,0.013043
2.072829132,-0.0077247
2.076830732,-0.046383
2.080832333,-0.041032
2.084833934,0.02158
2.088835534,0.081562
2.092837135,0.080461
2.096838735,0.026827
2.100840336,-0.057589
2.104841937,-0.15164
2.108843537,-0.14872
2.112845138,0.028342
2.116846739,0.20914
2.120848339,0.18546
2.12484994,0.032123
2.128851541,-0.089139
2.132853141,-0.16432
2.136854742,-0.17804
2.140856343,-0.063981
2.144857943,0.12385
2.148859544,0.22688
2.152861144,0.16549
2.156862745,-0.0085755
2.160864346,-0.16845
2.164865946,-0.20055
2.168867547,-0.10963
2.172869148,0.025181
2.176870748,0.1419
2.180872349,0.17999
2.18487395,0.11521
2.18887555,-0.019671
2.192877151,-0.15399
2.196878752,-0.17193
2.200880352,-0.060543
2.204881953,0.047458
2.208883553,0.090018
2.212885154,0.092767
2.216886755,0.072758
2.220888355,0.030309
2.224889956,-0.068268
2.228891557,-0.15409
2.232893157,-0.087995
2.236894758,0.050092
2.240896359,0.094424
2.244897959,0.051886
2.24889956,0.012208
2.25290116,0.025433
2.256902761,0.01983
2.260904362,-0.065533
2.264905962,-0.10109
2.268907563,-0.030095
2.272909164,0.027475
2.276910764,0.033961
2.280912365,0.029073
2.284913966,0.049531
2.288915566,0.079122
2.292917167,0.0079347
2.296918768,-0.11809
2.300920368,-0.1148
2.304921969,-0.011819
2.308923569,0.051702
2.31292517,0.052383
2.316926771,0.036006
2.320928371,0.062448
2.324929972,0.07038
2.328931573,-0.047682
2.332933173,-0.15915
2.336934774,-0.10806
2.340936375,0.012532
2.344937975,0.079172
2.348939576,0.088007
2.352941176,0.091071
2.356942777,0.067755
2.360944378,-0.058581
2.364945978,-0.17559
2.368947579,-0.12348
2.37294918,0.01088
2.37695078,0.092931
2.380952381,0.12214
2.384953982,0.11755
2.388955582,0.040582
2.392957183,-0.10952
2.396958784,-0.18489
2.400960384,-0.095385
2.404961985,0.026265
2.408963585,0.081447
2.412965186,0.11321
2.416966787,0.12217
2.420968387,0.040342
2.424969988,-0.10891
2.428971589,-0.1679
2.432973189,-0.082917
2.43697479,0.014499
2.440976391,0.062971
2.444977991,0.1058
2.448979592,0.12511
2.452981192,0.04846
2.456982793,-0.10808
2.460984394,-0.17086
2.464985994,-0.067186
2.468987595,0.031919
2.472989196,0.050243
2.476990796,0.07743
2.480992397,0.10732
2.484993998,0.057019
2.488995598,-0.071953
2.492997199,-0.1475
2.4969988,-0.085695
2.5010004,0.002656
2.505002001,0.043241
2.509003601,0.080055
2.513005202,0.090656
2.517006803,0.042971
2.521008403,-0.026931
2.525010004,-0.076807
2.529011605,-0.082244
2.533013205,-0.052946
2.537014806,0.0021364
2.541016407,0.064257
2.545018007,0.077665
2.549019608,0.060253
2.553021208,0.032244
2.557022809,-0.05504
2.56102441,-0.12028
2.56502601,-0.068595
2.569027611,0.016764
2.573029212,0.061647
2.577030812,0.059877
2.581032413,0.04283
2.585034014,0.047892
2.589035614,-0.0044625
2.593037215,-0.11291
2.597038816,-0.11135
2.601040416,-0.0015811
2.605042017,0.070158
2.609043617,0.060258
2.613045218,0.02979
2.617046819,0.046977
2.621048419,0.039353
2.62505002,-0.073716
2.629051621,-0.13845
2.633053221,-0.049791
2.637054822,0.054551
2.641056423,0.069998
2.645058023,0.028359
2.649059624,0.021081
2.653061224,0.0594
2.657062825,0.0078422
2.661064426,-0.11127
2.665066026,-0.1028
2.669067627,0.0091873
2.673069228,0.063928
2.677070828,0.040509
2.681072429,0.01546
2.68507403,0.04489
2.68907563,0.050472
2.693077231,-0.054967
2.697078832,-0.1337
2.701080432,-0.061369
2.705082033,0.048725
2.709083633,0.074808
2.713085234,0.029885
2.717086835,0.0092
2.721088435,0.054788
2.725090036,0.036642
2.729091637,-0.087729
2.733093237,-0.12395
2.737094838,-0.015618
2.741096439,0.074816
2.745098039,0.062021
2.74909964,-0.01487
2.75310124,-0.043978
2.757102841,0.035129
2.761104442,0.073851
2.765106042,-0.027294
2.769107643,-0.10142
2.773109244,-0.034994
2.777110844,0.049059
2.781112445,0.031722
2.785114046,-0.022793
2.789115646,0.032889
2.793117247,0.13177
2.797118848,0.030103
2.801120448,-0.18431
2.805122049,-0.16815
2.809123649,0.045097
2.81312525,0.13497
2.817126851,0.037189
2.821128451,-0.02866
2.825130052,0.057797
2.829131653,0.089176
2.833133253,-0.085556
2.837134854,-0.19176
2.841136455,-0.040153
2.845138055,0.11729
2.849139656,0.087448
2.853141257,-0.01271
2.857142857,-0.014937
2.861144458,0.064566
2.865146058,0.03184
2.869147659,-0.11144
2.87314926,-0.11879
2.87715086,0.019305
2.881152461,0.092524
2.885154062,0.047785
2.889155662,-0.0096569
2.893157263,0.015481
2.897158864,0.048417
2.901160464,-0.043955
2.905162065,-0.13081
2.909163665,-0.044057
2.913165266,0.079557
2.917166867,0.077715
2.921168467,-0.00098207
2.925170068,-0.029488
2.929171669,0.03802
2.933173269,0.065176
2.93717487,-0.051375
2.941176471,-0.13254
2.945178071,-0.038722
2.949179672,0.072301
2.953181273,0.060535
2.957182873,0.0068491
2.961184474,0.022444
2.965186074,0.046617
2.969187675,-0.033951
2.973189276,-0.11747
2.977190876,-0.05187
2.981192477,0.06377
2.985194078,0.069458
2.989195678,0.0009464
2.993197279,-0.010502
2.99719888,0.04762
3.00120048,0.035571
3.005202081,-0.077761
3.009203681,-0.10662
3.013205282,0.0067041
3.017206883,0.079822
3.021208483,0.029174
3.025210084,-0.0233
3.029211685,0.015523
3.033213285,0.057065
3.037214886,-0.015597
3.041216487,-0.1069
3.045218087,-0.059091
3.049219688,0.05358
3.053221289,0.06875
3.057222889,0.0048743
3.06122449,-0.0079007
3.06522609,0.048252
3.069227691,0.039345
3.073229292,-0.075033
3.077230892,-0.11954
3.081232493,-0.0097836
3.085234094,0.088165
3.089235694,0.05587
3.093237295,-0.010578
3.097238896,-0.0033229
3.101240496,0.024821
3.105242097,-0.020961
3.109243697,-0.082827
3.113245298,-0.043923
3.117246899,0.052195
3.121248499,0.075231
3.1252501,0.02136
3.129251701,-0.011075
3.133253301,0.0019687
3.137254902,-0.0075899
3.141256503,-0.049116
3.145258103,-0.047066
3.149259704,0.0088943
3.153261305,0.04276
3.157262905,0.026994
3.161264506,0.0054601
3.165266106,0.0041959
3.169267707,0.0014153
3.173269308,-0.021017
3.177270908,-0.037951
3.181272509,-0.018195
3.18527411,0.02235
3.18927571,0.037879
3.193277311,0.018118
3.197278912,0.001932
3.201280512,0.0025035
3.205282113,-0.014838
3.209283713,-0.043592
3.213285314,-0.029653
3.217286915,0.022614
3.221288515,0.045655
3.225290116,0.017215
3.229291717,-0.011984
3.233293317,-0.0073782
3.237294918,0.00029262
3.241296519,-0.018706
3.245298119,-0.031716
3.24929972,-0.0020188
3.253301321,0.034258
3.257302921,0.027315
3.261304522,0.0011623
3.265306122,-0.00034637
3.269307723,0.0074995
3.273309324,-0.010996
3.277310924,-0.040907
3.281312525,-0.031616
3.285314126,0.017743
3.289315726,0.044326
3.293317327,0.021839
3.297318928,-0.0037252
3.301320528,-0.00042907
3.305322129,0.0054965
3.309323729,-0.015816
3.31332533,-0.043119
3.317326931,-0.031835
3.321328531,0.013518
3.325330132,0.044408
3.329331733,0.033672
3.333333333,-0.006634
3.337334934,-0.031617
3.341336535,-0.0038445
3.345338135,0.027727
3.349339736,0.0041144
3.353341337,-0.023699
3.357342937,-0.0088339
3.361344538,0.008803
3.365346138,0.0062564
3.369347739,-0.00010328
3.37334934,-0.0029867
3.37735094,-0.0038355
3.381352541,-0.0041313
3.385354142,-0.0024088
3.389355742,0.00083421
3.393357343,0.002789
3.397358944,0.0057984
3.401360544,0.0080485
3.405362145,0.003796
3.409363745,-0.0030669
3.413365346,-0.0058596
3.417366947,-0.0036237
3.421368547,8.02E-05
3.425370148,-0.00098709
3.429371749,-0.0038221
3.433373349,-0.00034071
3.43737495,0.0038907
3.441376551,0.0028576
3.445378151,0.0023348
3.449379752,0.0021558
3.453381353,-0.0024759
3.457382953,-0.0051148
3.461384554,-0.0012332
3.465386154,0.00029223
3.469387755,-0.0023237
3.473389356,0.00080253
3.477390956,0.0073303
3.481392557,0.0055667
3.485394158,-0.0017312
3.489395758,-0.0037892
3.493397359,-0.0018696
3.49739896,-0.0024137
3.50140056,-0.0029871
3.505402161,-0.0004878
3.509403762,0.0010253
3.513405362,0.00037301
3.517406963,0.0017338
3.521408563,0.0047863
3.525410164,0.0041559
3.529411765,-0.00074316
3.533413365,-0.0038175
3.537414966,-0.0029984
3.541416567,-0.0010625
3.545418167,0.0010898
3.549419768,0.00062727
3.553421369,-0.0035885
3.557422969,-0.0040899
3.56142457,0.0020007
3.56542617,0.0059508
3.569427771,0.0033566
3.573429372,0.00065411
3.577430972,0.0017338
3.581432573,0.0015718
3.585434174,-0.003066
3.589435774,-0.0068237
3.593437375,-0.004313
3.597438976,0.0011005
3.601440576,0.0029583
3.605442177,0.0015422
3.609443778,0.00037978
3.613445378,0.00047658
3.617446979,0.00084689
3.621448579,-0.00055038
3.62545018,-0.002384
3.629451781,-0.00024489
3.633453381,0.0044335
3.637454982,0.0026971
3.641456583,-0.0059655
3.645458183,-0.0065188
3.649459784,0.0044707
3.653461385,0.008411
3.657462985,-0.00026931
3.661464586,-0.0041083
3.665466186,0.00085814
3.669467787,0.000853
3.673469388,-0.0026837
3.677470988,-0.0016792
3.681472589,-0.0015556
3.68547419,-0.0019643
3.68947579,0.002147
3.693477391,0.0041115
3.697478992,0.0016883
3.701480592,0.0010701
3.705482193,0.0015862
3.709483794,0.00074222
3.713485394,1.61E-05
3.717486995,-0.0018052
3.721488595,-0.0055816
3.725490196,-0.006223
3.729491797,-0.0013951
3.733493397,0.0034197
3.737494998,0.0051351
3.741496599,0.0016714
3.745498199,-0.010033
3.7494998,-0.0091929
3.753501401,0.016676
3.757503001,0.023819
3.761504602,-0.0025484
3.765506202,-0.014822
3.769507803,-0.0057126
3.773509404,-0.0022616
3.777511004,-0.0027865
3.781512605,0.00014385
3.785514206,0.0021589
3.789515806,0.001693
3.793517407,0.001504
3.797519008,0.0020929
3.801520608,0.00088663
3.805522209,-0.0010699
3.80952381,-0.00066806
3.81352541,-0.001391
3.817527011,-0.0035078
3.821528611,-0.00018788
3.825530212,0.0044075
3.829531813,0.0021297
3.833533413,-0.0026678
3.837535014,-0.0038332
3.841536615,9.87E-06
3.845538215,0.0055889
3.849539816,0.0047294
3.853541417,-0.0012995
3.857543017,-0.0020096
3.861544618,0.00070283
3.865546218,-0.0029042
3.869547819,-0.007102
3.87354942,-0.00083701
3.87755102,0.0071617
3.881552621,0.0029948
3.885554222,-0.0056141
3.889555822,-0.0056007
3.893557423,-0.00010314
3.897559024,0.0048214
3.901560624,0.0071161
3.905562225,0.0046859
3.909563826,0.0011578
3.913565426,0.00014718
3.917567027,-0.0020717
3.921568627,-0.0060724
3.925570228,-0.0061574
3.929571829,-0.0021611
3.933573429,0.00050855
3.93757503,0.00051254
3.941576631,-3.17E-05
3.945578231,0.0010964
3.949579832,0.0044525
3.953581433,0.0059625
3.957583033,0.0025
3.961584634,-0.0019452
3.965586234,-0.0029991
3.969587835,-0.0032095
3.973589436,-0.0042578
3.977591036,-0.0010767
3.981592637,0.0033405
3.985594238,0.00046434
3.989595838,-0.0020199
3.993597439,0.0029664
3.99759904,0.004266
4.00160064,-0.0010257
4.005602241,-0.0018539
4.009603842,0.0014168
4.013605442,0.00047338
4.017607043,-0.0025157
4.021608643,-0.0022673
4.025610244,-0.0008425
4.029611845,0.00020519
4.033613445,0.0019682
4.037615046,0.0028473
4.041616647,0.0014321
4.045618247,-0.0019063
4.049619848,-0.0053282
4.053621449,-0.0040388
4.057623049,0.0024107
4.06162465,0.0060998
4.065626251,0.0029976
4.069627851,-0.0011452
4.073629452,-0.00069043
4.077631052,0.0020154
4.081632653,0.0010588
4.085634254,-0.0025578
4.089635854,-0.0034283
4.093637455,-0.0014982
4.097639056,0.00033304
4.101640656,0.0004939
4.105642257,0.000162
4.109643858,0.0011472
4.113645458,0.00066293
4.117647059,-0.00090657
4.121648659,0.00045735
4.12565026,0.0010971
4.129651861,4.39E-07
4.133653461,0.0015802
4.137655062,0.0013578
4.141656663,-0.0022938
4.145658263,-0.0021401
4.149659864,-0.0029104
4.153661465,-0.013524
4.157663065,-0.013078
4.161664666,0.017295
4.165666267,0.03313
4.169667867,0.0050741
4.173669468,-0.014689
4.177671068,-0.0051915
4.181672669,-0.00094207
4.18567427,-0.0036701
4.18967587,-0.00051427
4.193677471,0.00091585
4.197679072,-0.0032012
4.201680672,-0.005803
4.205682273,-0.002648
4.209683874,0.0030968
4.213685474,0.006015
4.217687075,0.0041048
4.221688675,0.00023863
4.225690276,-0.0014682
4.229691877,-0.0014195
4.233693477,-0.00092396
4.237695078,0.0013447
4.241696679,0.0016411
4.245698279,-0.0022525
4.24969988,-0.0017885
4.253701481,0.0035187
4.257703081,0.002286
4.261704682,-0.0038462
4.265706283,-0.0047171
4.269707883,-0.001704
4.273709484,0.00051372
4.277711084,0.002533
4.281712685,0.0051439
4.285714286,0.0058061
4.289715886,0.0012257
4.293717487,-0.0040599
4.297719088,-0.0049363
4.301720688,-0.004822
4.305722289,-0.0021476
4.30972389,0.0050221
4.31372549,0.0062293
4.317727091,-0.00036188
4.321728691,-0.0039461
4.325730292,-0.0044596
4.329731893,-0.0045365
4.333733493,0.00063098
4.337735094,0.0065252
4.341736695,0.0051554
4.345738295,0.0016792
4.349739896,0.00068261
4.353741497,-0.0014095
4.357743097,-0.0027574
4.361744698,-0.00052119
4.365746299,0.00044959
4.369747899,-0.00091999
4.3737495,-0.00070689
4.3777511,-0.00033077
4.381752701,-0.0017331
4.385754302,-0.0012983
4.389755902,0.002367
4.393757503,0.0048176
4.397759104,0.0021072
4.401760704,-0.006101
4.405762305,-0.011229
4.409763906,-0.0025189
4.413765506,0.010184
4.417767107,0.010246
4.421768707,0.0024265
4.425770308,-0.0025608
4.429771909,-0.0038367
4.433773509,-0.0021139
4.43777511,0.0004932
4.441776711,-0.00026118
4.445778311,-0.0032471
4.449779912,-0.0020275
4.453781513,0.0034188
4.457783113,0.0040943
4.461784714,-0.0015055
4.465786315,-0.0041355
4.469787915,-0.00042024
4.473789516,0.00272
4.477791116,-1.05E-05
4.481792717,-0.0020579
4.485794318,0.0031425
4.489795918,0.0066759
4.493797519,0.0010726
4.49779912,-0.0057735
4.50180072,-0.0066325
4.505802321,-0.0026526
4.509803922,0.0029639
4.513805522,0.0066796
4.517807123,0.004734
4.521808723,-0.0035609
4.525810324,-0.0092382
4.529811925,-0.00265
4.533813525,0.0074109
4.537815126,0.0067493
4.541816727,-0.00056388
4.545818327,-0.0038637
4.549819928,-0.0029863
4.553821529,-0.00063982
4.557823129,0.00089015
4.56182473,-0.007689
4.565826331,-0.019528
4.569827931,-0.00048824
4.573829532,0.036529
4.577831132,0.029194
4.581832733,-0.0089024
4.585834334,-0.017491
4.589835934,-0.0080521
4.593837535,-0.0081237
4.597839136,-0.005304
4.601840736,0.0014022
4.605842337,0.0017518
4.609843938,0.0031671
4.613845538,0.0064414
4.617847139,0.0014556
4.621848739,-0.0049506
4.62585034,-0.0020601
4.629851941,0.0039202
4.633853541,0.0034859
4.637855142,-0.0014987
4.641856743,-0.0020772
4.645858343,0.0022492
4.649859944,0.0018637
4.653861545,-0.0048838
4.657863145,-0.0071423
4.661864746,-0.00058015
4.665866347,0.0052915
4.669867947,0.004589
4.673869548,0.0019732
4.677871148,0.0015447
4.681872749,0.0013756
4.68587435,-0.00078476
4.68987595,-0.0011985
4.693877551,-5.16E-05
4.697879152,-0.0039127
4.701880752,-0.0076969
4.705882353,-0.0033938
4.709883954,0.0014653
4.713885554,0.001119
4.717887155,0.0026132
4.721888756,0.0065774
4.725890356,0.0052184
4.729891957,-0.00071607
4.733893557,-0.0051704
4.737895158,-0.0043299
4.741896759,0.0018614
4.745898359,0.0048204
4.74989996,0.0010219
4.753901561,-0.0012879
4.757903161,-0.00012452
4.761904762,0.00094739
4.765906363,0.00072632
4.769907963,-0.0021628
4.773909564,-0.0036631
4.777911164,-0.00062433
4.781912765,-0.0010919
4.785914366,-0.0052371
4.789915966,-0.0010656
4.793917567,0.0084689
4.797919168,0.0082787
4.801920768,-0.0013391
4.805922369,-0.0063905
4.80992397,-0.0023034
4.81392557,0.0032544
4.817927171,0.0040955
4.821928772,-0.00095062
4.825930372,-0.0065251
4.829931973,-0.0046408
4.833933573,0.001711
4.837935174,0.0050293
4.841936775,0.0048049
4.845938375,0.0010008
4.849939976,-0.0036924
4.853941577,-0.0020912
4.857943177,0.0034066
4.861944778,0.003518
4.865946379,-0.0017069
4.869947979,-0.0052102
4.87394958,-0.003862
4.87795118,7.85E-05
4.881952781,0.001638
4.885954382,-0.00037983
4.889955982,-0.00025193
4.893957583,0.002738
4.897959184,0.0021935
4.901960784,-0.00074571
4.905962385,-0.0001448
4.909963986,0.0026754
4.913965586,0.0023635
4.917967187,-0.0018141
4.921968788,-0.0038398
4.925970388,-0.0004222
4.929971989,0.002024
4.933973589,-0.0016256
4.93797519,-0.0049542
4.941976791,-0.00022415
4.945978391,0.0055709
4.949979992,0.0034762
4.953981593,0.00049713
4.957983193,-0.00089832
4.961984794,-0.0057122
4.965986395,-0.0041577
4.969987995,0.0022775
4.973989596,-0.0060592
4.977991196,-0.0077554
4.981992797,0.0228
4.985994398,0.029488
4.989995998,-0.012717
4.993997599,-0.027558
4.9979992,-0.0018267
5.0020008,0.0079753
5.006002401,-0.00031408
5.010004002,-0.0065437
5.014005602,-0.0057678
5.018007203,0.003528
5.022008804,0.010505
5.026010404,0.0062803
5.030012005,-0.0011305
5.034013605,-0.0025692
5.038015206,-0.0013028
5.042016807,-0.0018315
5.046018407,-0.0013536
5.050020008,-0.0011818
5.054021609,-0.003804
5.058023209,-0.0018482
5.06202481,0.005038
5.066026411,0.0047373
5.070028011,-0.00069636
5.074029612,0.00041754
5.078031212,0.0041565
5.082032813,0.0022038
5.086034414,-0.0038516
5.090036014,-0.008229
5.094037615,-0.0049916
5.098039216,0.0029398
5.102040816,0.0040101
5.106042417,-0.001041
5.110044018,-0.0014039
5.114045618,0.0020829
5.118047219,0.0024508
5.12204882,-1.90E-05
5.12605042,-0.00067297
5.130052021,0.0021378
5.134053621,0.0033207
5.138055222,0.0007968
5.142056823,-0.00010951
5.146058423,-0.00034702
5.150060024,-0.0046136
5.154061625,-0.0072259
5.158063225,-0.0022162
5.162064826,0.004715
5.166066427,0.0059509
5.170068027,0.00045096
5.174069628,-0.0049586
5.178071228,-0.0028409
5.182072829,0.0017265
5.18607443,0.0017141
5.19007603,0.0019681
5.194077631,0.0040022
5.198079232,0.0021222
5.202080832,-0.00179
5.206082433,-0.0036589
5.210084034,-0.0046424
5.214085634,-0.0024284
5.218087235,0.0047164
5.222088836,0.0064965
5.226090436,-0.00045723
5.230092037,-0.00346
5.234093637,-0.0017272
5.238095238,-0.0011162
5.242096839,0.00096796
5.246098439,-7.64E-05
5.25010004,-0.0035965
5.254101641,0.00098332
5.258103241,0.0050677
5.262104842,-0.001312
5.266106443,-0.0057799
5.270108043,-0.0012537
5.274109644,0.0058066
5.278111244,0.0077952
5.282112845,-0.0001386
5.286114446,-0.0057427
5.290116046,0.00076265
5.294117647,0.0026382
5.298119248,-0.0019518
5.302120848,0.00012623
5.306122449,-0.0022341
5.31012405,-0.0081308
5.31412565,-0.0020161
5.318127251,0.0064079
5.322128852,0.0063855
5.326130452,0.0014056
5.330132053,-0.0013409
5.334133653,-0.0011176
5.338135254,-0.0049961
5.342136855,-0.0045636
5.346138455,0.0060432
5.350140056,0.0090805
5.354141657,-0.00017585
5.358143257,-0.006462
5.362144858,-0.0054004
5.366146459,-0.0011651
5.370148059,0.0042406
5.37414966,0.0073969
5.378151261,0.0070545
5.382152861,-0.0087186
5.386154462,-0.032176
5.390156062,-0.0081825
5.394157663,0.035644
5.398159264,0.017327
5.402160864,-0.001798
5.406162465,0.033508
5.410164066,0.02569
5.414165666,-0.059108
5.418167267,-0.11673
5.422168868,-0.068674
5.426170468,0.060215
5.430172069,0.17414
5.434173669,0.16577
5.43817527,-0.0011935
5.442176871,-0.19583
5.446178471,-0.21929
5.450180072,-0.077015
5.454181673,0.085874
5.458183273,0.2152
5.462184874,0.24186
5.466186475,0.041719
5.470188075,-0.25415
5.474189676,-0.28233
5.478191277,-0.049456
5.482192877,0.10125
5.486194478,0.12771
5.490196078,0.1607
5.494197679,0.15391
5.49819928,-0.036615
5.50220088,-0.30181
5.506202481,-0.22111
5.510204082,0.10165
5.514205682,0.15977
5.518207283,0.045012
5.522208884,0.036501
5.526210484,0.081882
5.530212085,0.024806
5.534213685,-0.16941
5.538215286,-0.18153
5.542216887,0.054913
5.546218487,0.11249
5.550220088,0.013898
5.554221689,0.023236
5.558223289,0.061831
5.56222489,0.048157
5.566226491,-0.072727
5.570228091,-0.16818
5.574229692,-0.018263
5.578231293,0.10093
5.582232893,0.0279
5.586234494,-0.0011928
5.590236094,0.0052742
5.594237695,0.039725
5.598239296,0.072005
5.602240896,-0.063327
5.606242497,-0.13111
5.610244098,-0.01477
5.614245698,0.029322
5.618247299,0.032215
5.6222489,0.032437
5.6262505,0.020898
5.630252101,0.091977
5.634253701,0.024723
5.638255302,-0.16581
5.642256903,-0.11454
5.646258503,0.03663
5.650260104,0.069369
5.654261705,0.053033
5.658263305,0.0024288
5.662264906,0.046361
5.666266507,0.097884
5.670268107,-0.098411
5.674269708,-0.21102
5.678271309,-0.013294
5.682272909,0.12159
5.68627451,0.070262
5.69027611,-0.014236
5.694277711,-0.015877
5.698279312,0.093594
5.702280912,0.036513
5.706282513,-0.17679
5.710284114,-0.11366
5.714285714,0.092181
5.718287315,0.085324
5.722288916,-0.0048855
5.726290516,-0.044069
5.730292117,0.030322
5.734293717,0.13235
5.738295318,-0.03165
5.742296919,-0.19399
5.746298519,-0.026138
5.75030012,0.092575
5.754301721,0.02201
5.758303321,-0.015148
5.762304922,-0.0020382
5.766306523,0.093003
5.770308123,0.091634
5.774309724,-0.12931
5.778311325,-0.15802
5.782312925,0.030134
5.786314526,0.066109
5.790316126,0.010344
5.794317727,-0.030123
5.798319328,0.026377
5.802320928,0.18064
5.806322529,0.034794
5.81032413,-0.24961
5.81432573,-0.12599
5.818327331,0.099861
5.822328932,0.078242
5.826330532,0.0025698
5.830332133,-0.013351
5.834333733,0.084135
5.838335334,0.097306
5.842336935,-0.14788
5.846338535,-0.19121
5.850340136,0.068326
5.854341737,0.13797
5.858343337,0.0096127
5.862344938,-0.069148
5.866346539,-0.0045576
5.870348139,0.13917
5.87434974,0.024626
5.878351341,-0.2147
5.882352941,-0.088096
5.886354542,0.13799
5.890356142,0.078551
5.894357743,-0.052217
5.898359344,-0.05706
5.902360944,0.084692
5.906362545,0.14883
5.910364146,-0.096175
5.914365746,-0.21733
5.918367347,0.026248
5.922368948,0.13009
5.926370548,-0.0037383
5.930372149,-0.056198
5.934373749,0.030397
5.93837535,0.14555
5.942376951,0.029752
5.946378551,-0.22419
5.950380152,-0.13026
5.954381753,0.12745
5.958383353,0.10297
5.962384954,-0.032431
5.966386555,-0.051403
5.970388155,0.065207
5.974389756,0.14799
5.978391357,-0.058694
5.982392957,-0.22503
5.986394558,-0.019603
5.990396158,0.13877
5.994397759,0.042489
5.99839936,-0.058002
6.00240096,-0.054682
6.006402561,0.088424
6.010404162,0.13962
6.014405762,-0.10513
6.018407363,-0.19701
6.022408964,0.037917
6.026410564,0.13038
6.030412165,0.0039508
6.034413766,-0.085446
6.038415366,-0.0089888
6.042416967,0.17568
6.046418567,0.092753
6.050420168,-0.21086
6.054421769,-0.16111
6.058423369,0.1025
6.06242497,0.09438
6.066426571,-0.038415
6.070428171,-0.066166
6.074429772,0.046577
6.078431373,0.17393
6.082432973,-0.0020701
6.086434574,-0.23016
6.090436174,-0.058461
6.094437775,0.13955
6.098439376,0.050301
6.102440976,-0.052939
6.106442577,-0.051387
6.110444178,0.072908
6.114445778,0.15654
6.118447379,-0.076062
6.12244898,-0.22763
6.12645058,0.0053278
6.130452181,0.13527
6.134453782,0.022201
6.138455382,-0.053561
6.142456983,-0.040329
6.146458583,0.095229
6.150460184,0.13392
6.154461785,-0.11261
6.158463385,-0.17591
6.162464986,0.055024
6.166466587,0.09528
6.170468187,-0.017512
6.174469788,-0.048806
6.178471389,-0.008384
6.182472989,0.1203
6.18647459,0.087516
6.19047619,-0.15986
6.194477791,-0.13447
6.198479392,0.084832
6.202480992,0.059977
6.206482593,-0.033311
6.210484194,-0.0085134
6.214485794,0.054677
6.218487395,0.10761
6.222488996,-0.023961
6.226490596,-0.19481
6.230492197,-0.054227
6.234493798,0.11222
6.238495398,0.046469
6.242496999,-0.0085299
6.246498599,-0.021143
6.2505002,0.012435
6.254501801,0.11021
6.258503401,-0.0037186
6.262505002,-0.17191
6.266506603,-0.040452
6.270508203,0.09356
6.274509804,0.032804
6.278511405,-0.022434
6.282513005,-0.044608
6.286514606,0.030076
6.290516206,0.13218
6.294517807,-0.017714
6.298519408,-0.16897
6.302521008,-0.031205
6.306522609,0.082917
6.31052421,0.039129
6.31452581,-0.0098203
6.318527411,-0.045753
6.322529012,0.025866
6.326530612,0.11616
6.330532213,-0.019539
6.334533814,-0.13991
6.338535414,-0.024216
6.342537015,0.062157
6.346538615,0.023769
6.350540216,-0.021733
6.354541817,-0.038253
6.358543417,0.049381
6.362545018,0.11749
6.366546619,-0.022294
6.370548219,-0.13622
6.37454982,-0.042247
6.378551421,0.051849
6.382553021,0.039599
6.386554622,-0.015467
6.390556222,-0.044774
6.394557823,0.035094
6.398559424,0.1107
6.402561024,0.014736
6.406562625,-0.096534
6.410564226,-0.05649
6.414565826,0.016817
6.418567427,0.021245
6.422569028,-0.0085953
6.426570628,-0.020944
6.430572229,0.024243
6.43457383,0.065017
6.43857543,0.0045385
6.442577031,-0.071237
6.446578631,-0.041137
6.450580232,0.028649
6.454581833,0.039178
6.458583433,-0.00012297
6.462585034,-0.028873
6.466586635,0.012722
6.470588235,0.074718
6.474589836,0.019621
6.478591437,-0.094965
6.482593037,-0.076764
6.486594638,0.031962
6.490596238,0.052431
6.494597839,-0.010123
6.49859944,-0.029456
6.50260104,0.035442
6.506602641,0.080618
6.510604242,0.00066016
6.514605842,-0.097068
6.518607443,-0.056545
6.522609044,0.036356
6.526610644,0.041887
6.530612245,-0.0029877
6.534613846,-0.012887
6.538615446,0.031382
6.542617047,0.058921
6.546618647,-0.014607
6.550620248,-0.093777
6.554621849,-0.043777
6.558623449,0.043214
6.56262505,0.040287
6.566626651,-0.0075846
6.570628251,-0.015832
6.574629852,0.027122
6.578631453,0.045783
6.582633053,-0.021341
6.586634654,-0.078506
6.590636255,-0.029971
6.594637855,0.043196
6.598639456,0.046969
6.602641056,0.0047817
6.606642657,-0.016282
6.610644258,-0.00085322
6.614645858,-0.0016454
6.618647459,-0.014572
6.62264906,0.0070644
6.62665066,0.010854
6.630652261,-0.018533
6.634653862,-0.0064193
6.638655462,0.023484
6.642657063,0.015578
6.646658663,-0.0022087
6.650660264,-0.009767
6.654661865,-0.014685
6.658663465,-0.0097988
6.662665066,0.00090957
6.666666667,0.0026519
6.670668267,-0.0004599
6.674669868,0.0015447
6.678671469,0.0076772
6.682673069,0.0094896
6.68667467,0.0013851
6.690676271,-0.006985
6.694677871,-0.0044675
6.698679472,0.0026778
6.702681072,0.0047909
6.706682673,0.001439
6.710684274,-0.0030624
6.714685874,-0.0029186
6.718687475,-5.42E-05
6.722689076,-0.001644
6.726690676,-0.0046405
6.730692277,-0.0033935
6.734693878,3.32E-06
6.738695478,0.0031494
6.742697079,0.0047949
6.746698679,0.0034047
6.75070028,0.0010187
6.754701881,4.52E-05
6.758703481,-0.00062294
6.762705082,-0.00071402
6.766706683,0.00090524
6.770708283,0.00058025
6.774709884,-0.0032845
6.778711485,-0.0038869
6.782713085,0.001255
6.786714686,0.0037151
6.790716287,8.36E-05
6.794717887,-0.0027756
6.798719488,-0.0014572
6.802721088,0.00080021
6.806722689,0.00061568
6.81072429,-0.0016766
6.81472589,-0.0012082
6.818727491,0.0031374
6.822729092,0.0043889
6.826730692,-0.00026595
6.830732293,-0.0034642
6.834733894,-0.00032467
6.838735494,0.0031171
6.842737095,0.00063243
6.846738695,-0.0035792
6.850740296,-0.0027416
6.854741897,8.12E-05
6.858743497,-0.00066219
6.862745098,-0.00081055
6.866746699,0.0023179
6.870748299,0.0050032
6.8747499,0.0070798
6.878751501,0.0047688
6.882753101,-0.0058939
6.886754702,-0.013874
6.890756303,-0.0085551
6.894757903,0.0029
6.898759504,0.0078687
6.902761104,0.0042689
6.906762705,-0.00043505
6.910764306,-0.00069762
6.914765906,0.00092036
6.918767507,0.00099624
6.922769108,0.00068923
6.926770708,0.00051093
6.930772309,0.00016377
6.93477391,0.00038123
6.93877551,-0.0013857
6.942777111,-0.0050479
6.946778711,-0.0035748
6.950780312,0.00067891
6.954781913,-0.00064377
6.958783513,-0.0012974
6.962785114,0.0036278
6.966786715,0.0053444
6.970788315,0.0025268
6.974789916,0.0011139
6.978791517,0.00084621
6.982793117,-0.00054918
6.986794718,-0.0035754
6.990796319,-0.0054788
6.994797919,-0.001818
6.99879952,0.0044168
7.00280112,0.0043723
7.006802721,-0.001681
7.010804322,-0.0033394
7.014805922,0.0023387
7.018807523,0.0033327
7.022809124,-0.0094027
7.026810724,-0.012846
7.030812325,0.012065
7.034813926,0.022248
7.038815526,-0.0042749
7.042817127,-0.015562
7.046818727,-0.00023567
7.050820328,0.0037765
7.054821929,-0.0020612
7.058823529,-3.13E-05
7.06282513,0.0035994
7.066826731,0.0019887
7.070828331,-0.00016439
7.074829932,-0.00098139
7.078831533,-0.0016307
7.082833133,-0.00032668
7.086834734,0.001306
7.090836335,0.00010509
7.094837935,-0.0024722
7.098839536,-0.0042158
7.102841136,-0.0032977
7.106842737,0.00072211
7.110844338,0.0042377
7.114845938,0.0047267
7.118847539,0.0029321
7.12284914,-9.11E-05
7.12685074,-0.0016149
7.130852341,0.00092999
7.134853942,0.0032137
7.138855542,-0.0016714
7.142857143,-0.0080585
7.146858743,-0.0048402
7.150860344,0.003275
7.154861945,0.0058187
7.158863545,0.0023598
7.162865146,-0.0023712
7.166866747,-0.0027339
7.170868347,0.0012282
7.174869948,0.0020545
7.178871549,-0.0019136
7.182873149,-0.0036441
7.18687475,-0.0012106
7.190876351,0.0011106
7.194877951,0.0038127
7.198879552,0.0055045
7.202881152,0.00061106
7.206882753,-0.0045416
7.210884354,-0.00094034
7.214885954,0.0029994
7.218887555,-0.0032425
7.222889156,-0.0098966
7.226890756,-0.0024841
7.230892357,0.0076437
7.234893958,0.0037416
7.238895558,-0.00046647
7.242897159,0.0058938
7.24689876,0.0069531
7.25090036,-0.002221
7.254901961,-0.0089168
7.258903561,-0.0065623
7.262905162,0.00022132
7.266906763,0.0029255
7.270908363,0.0015691
7.274909964,0.0015146
7.278911565,0.0013375
7.282913165,9.50E-05
7.286914766,0.00067955
7.290916367,0.0010694
7.294917967,-0.00060015
7.298919568,-0.0013153
7.302921168,-0.0013189
7.306922769,-0.0033275
7.31092437,-0.0037566
7.31492597,0.0011486
7.318927571,0.0051351
7.322929172,0.0027857
7.326930772,0.00027112
7.330932373,0.0028642
7.334933974,0.0030163
7.338935574,-0.0059224
7.342937175,-0.011875
7.346938776,-0.0025695
7.350940376,0.0093234
7.354941977,0.0081482
7.358943577,-6.13E-05
7.362945178,-0.0046385
7.366946779,-0.004296
7.370948379,-0.00079599
7.37494998,0.0024014
7.378951581,0.0025849
7.382953181,0.002391
7.386954782,0.0031787
7.390956383,0.0018238
7.394957983,-0.0017468
7.398959584,-0.0042475
7.402961184,-0.0039392
7.406962785,-0.0019071
7.410964386,-0.0014559
7.414965986,-0.0026283
7.418967587,-0.0017311
7.422969188,0.0017914
7.426970788,0.0049794
7.430972389,0.0019027
7.43497399,-0.0042985
7.43897559,0.0024259
7.442977191,0.013728
7.446978792,0.0072739
7.450980392,-0.0063793
7.454981993,-0.010653
7.458983593,-0.0064829
7.462985194,0.0018992
7.466986795,0.0048056
7.470988395,0.00080324
7.474989996,-3.86E-05
7.478991597,0.00049742
7.482993197,-0.0025445
7.486994798,-0.004296
7.490996399,-0.0021653
7.494997999,0.0017672
7.4989996,0.0036557
7.5030012,0.00066755
7.507002801,-0.0026163
7.511004402,-0.0017543
7.515006002,0.00038217
7.519007603,0.0021223
7.523009204,0.0046314
7.527010804,0.0046724
7.531012405,-0.00022982
7.535014006,-0.004304
7.539015606,-0.0019287
7.543017207,0.0023381
7.547018808,0.0010869
7.551020408,-0.0035739
7.555022009,-0.0044327
7.559023609,-0.0014891
7.56302521,4.70E-05
7.567026811,0.00066223
7.571028411,0.0031911
7.575030012,0.0036586
7.579031613,-0.00074954
7.583033213,-0.0039992
7.587034814,-0.001606
7.591036415,0.00321
7.595038015,0.0055737
7.599039616,0.003124
7.603041216,-0.0015532
7.607042817,-0.0042042
7.611044418,-0.0043387
7.615046018,-0.0028782
7.619047619,-3.11E-05
7.62304922,0.0041285
7.62705082,0.0061179
7.631052421,0.0014678
7.635054022,-0.0040157
7.639055622,-0.0027402
7.643057223,0.00032204
7.647058824,-0.00086429
7.651060424,-0.0033433
7.655062025,-0.0027536
7.659063625,-2.60E-05
7.663065226,0.0014764
7.667066827,0.0027709
7.671068427,0.005195
7.675070028,0.0045631
7.679071629,-0.00061596
7.683073229,-0.0039394
7.68707483,-0.00033001
7.691076431,0.0035669
7.695078031,-0.00069709
7.699079632,-0.005225
7.703081232,-0.0017232
7.707082833,0.00042063
7.711084434,-0.0031414
7.715086034,-0.0030364
7.719087635,0.0017243
7.723089236,0.003232
7.727090836,-9.00E-05
7.731092437,-0.0017032
7.735094038,0.0028974
7.739095638,0.0067768
7.743097239,0.0031709
7.74709884,-0.0014915
7.75110044,-0.0023467
7.755102041,-0.0023423
7.759103641,-0.0013495
7.763105242,-0.0004164
7.767106843,-0.0017138
7.771108443,-0.0020816
7.775110044,-0.000749
7.779111645,0.00018552
7.783113245,0.00075229
7.787114846,0.0016624
7.791116447,0.0039705
7.795118047,0.0033858
7.799119648,-0.0031564
7.803121248,-0.0050727
7.807122849,0.0015509
7.81112445,0.0038007
7.81512605,-0.00074622
7.819127651,-0.002119
7.823129252,-0.0010024
7.827130852,-0.002802
7.831132453,-0.001905
7.835134054,0.0050092
7.839135654,0.0016807
7.843137255,-0.01638
7.847138856,-0.009652
7.851140456,0.027968
7.855142057,0.029553
7.859143657,-0.0092009
7.863145258,-0.018771
7.867146859,-0.0019713
7.871148459,-0.0011611
7.87515006,-0.0064297
7.879151661,-0.0021206
7.883153261,0.0020783
7.887154862,0.0016703
7.891156463,0.00071938
7.895158063,-0.0020004
7.899159664,-0.0044853
7.903161265,0.002168
7.907162865,0.010942
7.911164466,0.0058958
7.915166066,-0.0033669
7.919167667,-0.0014406
7.923169268,0.00047887
7.927170868,-0.0053258
7.931172469,-0.006859
7.93517407,-0.0015908
7.93917567,0.0044948
7.943177271,0.0082965
7.947178872,0.0031402
7.951180472,-0.0071569
7.955182073,-0.0066531
7.959183673,0.0023954
7.963185274,0.0047933
7.967186875,0.0020208
7.971188475,0.00066705
7.975190076,-0.0024927
7.979191677,-0.0056317
7.983193277,-0.003375
7.987194878,0.0027584
7.991196479,0.0069699
7.995198079,0.0032413
7.99919968,-0.0040451
8.003201281,-0.003362
8.007202881,0.0035453
8.011204482,0.0041728
8.015206082,-0.0020542
8.019207683,-0.0039132
8.023209284,-0.0012309
8.027210884,-0.0012668
8.031212485,-0.00097496
8.035214086,0.0025504
8.039215686,0.0043036
8.043217287,0.0019595
8.047218888,-0.0014849
8.051220488,-0.0031701
8.055222089,-0.003993
8.059223689,-0.0032117
8.06322529,0.00177
8.067226891,0.0053987
8.071228491,0.0029138
8.075230092,-8.42E-05
8.079231693,-0.00026742
8.083233293,-0.00043111
8.087234894,-0.001606
8.091236495,-0.0018543
8.095238095,-0.00015827
8.099239696,0.00038026
8.103241297,-0.0011177
8.107242897,-0.00072826
8.111244498,0.00028971
8.115246098,-0.00047981
8.119247699,0.001334
8.1232493,0.0048693
8.1272509,0.0023936
8.131252501,-0.003254
8.135254102,-0.0029053
8.139255702,0.00064099
8.143257303,0.00084103
8.147258904,-0.00032114
8.151260504,-0.0016509
8.155262105,-0.0028666
8.159263705,0.00042446
8.163265306,0.0051096
8.167266907,0.0041923
8.171268507,0.00036761
8.175270108,-0.0033663
8.179271709,-0.0062317
8.183273309,-0.0033145
8.18727491,0.0025219
8.191276511,0.0027668
8.195278111,-0.00052461
8.199279712,-0.0010926
8.203281313,0.0011311
8.207282913,0.0031812
8.211284514,0.003151
8.215286114,0.0011334
8.219287715,-0.0015851
8.223289316,-0.0030396
8.227290916,-0.00081341
8.231292517,0.0030693
8.235294118,0.0022802
8.239295718,-0.0026028
8.243297319,-0.0047027
8.24729892,-0.0053814
8.25130052,-0.012854
8.255302121,-0.011724
8.259303721,0.020272
8.263305322,0.039194
8.267306923,0.0034334
8.271308523,-0.026711
8.275310124,-0.011563
8.279311725,0.0035585
8.283313325,0.0021708
8.287314926,0.0029503
8.291316527,0.0034618
8.295318127,-0.00083298
8.299319728,-0.0037263
8.303321329,-0.0027794
8.307322929,0.0004344
8.31132453,0.0015563
8.31532613,-0.0029324
8.319327731,-0.0043486
8.323329332,0.0035156
8.327330932,0.00724
8.331332533,0.00037594
8.335334134,-0.0023073
8.339335734,0.0022985
8.343337335,0.00065309
8.347338936,-0.0049759
8.351340536,-0.0033311
8.355342137,1.90E-05
8.359343737,-0.00010877
8.363345338,0.0035375
8.367346939,0.0070273
8.371348539,0.00014793
8.37535014,-0.0086348
8.379351741,-0.0064495
8.383353341,0.0027037
8.387354942,0.0076554
8.391356543,0.004267
8.395358143,-0.0020137
8.399359744,-0.0036195
8.403361345,-0.00090773
8.407362945,0.00094725
8.411364546,9.01E-05
8.415366146,-0.00078607
8.419367747,0.00043484
8.423369348,0.00022023
8.427370948,-0.001452
8.431372549,0.0012247
8.43537415,0.0035352
8.43937575,-0.0011105
8.443377351,-0.0045243
8.447378952,-0.0021173
8.451380552,-0.00045871
8.455382153,-6.12E-05
8.459383754,0.0016849
8.463385354,0.0018209
8.467386955,1.99E-05
8.471388555,0.00058911
8.475390156,0.0032721
8.479391757,0.0035646
8.483393357,0.00073063
8.487394958,-0.0023746
8.491396559,-0.0038721
8.495398159,-0.0028237
8.49939976,-5.34E-05
8.503401361,0.0012121
8.507402961,0.0003471
8.511404562,-0.00069508
8.515406162,-0.0017962
8.519407763,-0.0020828
8.523409364,0.00059271
8.527410964,0.003696
8.531412565,0.0023531
8.535414166,-0.0014936
8.539415766,-0.0013036
8.543417367,0.0029954
8.547418968,0.003034
8.551420568,-0.0036007
8.555422169,-0.0044537
8.55942377,0.0040787
8.56342537,0.0056856
8.567426971,-0.0021698
8.571428571,-0.0043447
8.575430172,-0.00075294
8.579431773,-0.00068259
8.583433373,-0.0024211
8.587434974,-0.002245
8.591436575,-0.00067087
8.595438175,0.0027604
8.599439776,0.0051871
8.603441377,0.0025522
8.607442977,0.00023137
8.611444578,0.0023672
8.615446178,0.00086707
8.619447779,-0.005115
8.62344938,-0.0017899
8.62745098,0.0095198
8.631452581,0.0049326
8.635454182,-0.021309
8.639455782,-0.040281
8.643457383,-0.020929
8.647458984,0.041318
8.651460584,0.099495
8.655462185,0.069462
8.659463786,-0.064082
8.663465386,-0.1769
8.667466987,-0.11446
8.671468587,0.091708
8.675470188,0.21733
8.679471789,0.12772
8.683473389,-0.073899
8.68747499,-0.1813
8.691476591,-0.11506
8.695478191,-0.0038128
8.699479792,0.051242
8.703481393,0.103
8.707482993,0.16132
8.711484594,0.076717
8.715486194,-0.16485
8.719487795,-0.23081
8.723489396,-0.035236
8.727490996,0.086032
8.731492597,0.071701
8.735494198,0.083953
8.739495798,0.10872
8.743497399,0.019402
8.747499,-0.17408
8.7515006,-0.1741
8.755502201,0.03912
8.759503802,0.098296
8.763505402,0.021674
8.767507003,0.02408
8.771508603,0.068374
8.775510204,0.058233
8.779511805,-0.078995
8.783513405,-0.17091
8.787515006,-0.024
8.791516607,0.096917
8.795518207,0.052429
8.799519808,0.019244
8.803521409,0.00065426
8.807523009,0.0089417
8.81152461,0.0061085
8.81552621,-0.088147
8.819527811,-0.058824
8.823529412,0.068317
8.827531012,0.040421
8.831532613,-0.026646
8.835534214,-0.023776
8.839535814,0.041451
8.843537415,0.11182
8.847539016,-0.018177
8.851540616,-0.15322
8.855542217,-0.034182
8.859543818,0.057726
8.863545418,0.0099481
8.867547019,-0.014561
8.871548619,0.022074
8.87555022,0.11202
8.879551821,0.057562
8.883553421,-0.14736
8.887555022,-0.1403
8.891556623,0.027779
8.895558223,0.083282
8.899559824,0.039147
8.903561425,-0.024647
8.907563025,0.029041
8.911564626,0.10813
8.915566226,-0.052511
8.919567827,-0.18327
8.923569428,-0.02752
8.927571028,0.11256
8.931572629,0.083197
8.93557423,-0.024089
8.93957583,-0.083183
8.943577431,0.050347
8.947579032,0.11546
8.951580632,-0.090353
8.955582233,-0.15722
8.959583834,0.030679
8.963585434,0.11898
8.967587035,0.037953
8.971588635,-0.089665
8.975590236,-0.067782
8.979591837,0.1445
8.983593437,0.12803
8.987595038,-0.13649
8.991596639,-0.14155
8.995598239,0.038855
8.99959984,0.06043
9.003601441,-0.010203
9.007603041,-0.053177
9.011604642,0.046222
9.015606242,0.17117
9.019607843,-0.021677
9.023609444,-0.22163
9.027611044,-0.050696
9.031612645,0.10348
9.035614246,0.05992
9.039615846,-0.0048064
9.043617447,-0.049549
9.047619048,0.064456
9.051620648,0.13761
9.055622249,-0.10813
9.05962385,-0.20315
9.06362545,0.036983
9.067627051,0.13624
9.071628651,0.019592
9.075630252,-0.12163
9.079631853,-0.073932
9.083633453,0.21025
9.087635054,0.17417
9.091636655,-0.19468
9.095638255,-0.16954
9.099639856,0.078638
9.103641457,0.056028
9.107643057,-0.02718
9.111644658,-0.057469
9.115646259,0.005653
9.119647859,0.17894
9.12364946,0.062549
9.12765106,-0.19973
9.131652661,-0.08686
9.135654262,0.093219
9.139655862,0.037416
9.143657463,-0.029904
9.147659064,-0.053989
9.151660664,0.051684
9.155662265,0.17465
9.159663866,-0.044612
9.163665466,-0.2244
9.167667067,-0.015801
9.171668667,0.10867
9.175670268,0.03251
9.179671869,-0.013925
9.183673469,-0.02889
9.18767507,0.083805
9.191676671,0.10862
9.195678271,-0.15369
9.199679872,-0.177
9.203681473,0.086849
9.207683073,0.10712
9.211684674,-0.0028006
9.215686275,-0.037644
9.219687875,-0.021649
9.223689476,0.11143
9.227691076,0.063317
9.231692677,-0.1845
9.235694278,-0.10474
9.239695878,0.11401
9.243697479,0.0677
9.24769908,-0.017558
9.25170068,-0.046587
9.255702281,0.0017384
9.259703882,0.14089
9.263705482,0.01637
9.267707083,-0.19903
9.271708683,-0.047587
9.275710284,0.10494
9.279711885,0.014878
9.283713485,-0.030079
9.287715086,-0.018233
9.291716687,0.071113
9.295718287,0.14297
9.299719888,-0.086368
9.303721489,-0.21686
9.307723089,0.032434
9.31172469,0.13104
9.315726291,-0.0022433
9.319727891,-0.052221
9.323729492,-0.023926
9.327731092,0.099677
9.331732693,0.11471
9.335734294,-0.13875
9.339735894,-0.1709
9.343737495,0.071074
9.347739096,0.092024
9.351740696,-0.010592
9.355742297,-0.032832
9.359743898,-0.011367
9.363745498,0.10789
9.367747099,0.075348
9.371748699,-0.15897
9.3757503,-0.11331
9.379751901,0.10169
9.383753501,0.072021
9.387755102,-0.03294
9.391756703,-0.06227
9.395758303,-0.0060546
9.399759904,0.13604
9.403761505,0.053546
9.407763105,-0.17354
9.411764706,-0.084578
9.415766307,0.097684
9.419767907,0.04625
9.423769508,-0.030604
9.427771108,-0.037103
9.431772709,0.035567
9.43577431,0.13662
9.43977591,-0.010417
9.443777511,-0.19472
9.447779112,-0.042456
9.451780712,0.11195
9.455782313,0.032982
9.459783914,-0.03418
9.463785514,-0.023013
9.467787115,0.062427
9.471788715,0.11726
9.475790316,-0.066511
9.479791917,-0.20056
9.483793517,-0.025354
9.487795118,0.12575
9.491796719,0.081157
9.495798319,-0.024323
9.49979992,-0.077199
9.503801521,0.042054
9.507803121,0.11663
9.511804722,-0.075437
9.515806323,-0.14897
9.519807923,0.038223
9.523809524,0.090212
9.527811124,-0.0023171
9.531812725,-0.041322
9.535814326,-0.016352
9.539815926,0.09496
9.543817527,0.086833
9.547819128,-0.12988
9.551820728,-0.14462
9.555822329,0.05977
9.55982393,0.090685
9.56382553,-0.0036995
9.567827131,-0.045583
9.571828731,-0.0073661
9.575830332,0.10932
9.579831933,0.065749
9.583833533,-0.14105
9.587835134,-0.11257
9.591836735,0.065275
9.595838335,0.064716
9.599839936,0.00053722
9.603841537,-0.0251
9.607843137,-0.0080011
9.611844738,0.085012
9.615846339,0.037565
9.619847939,-0.13526
9.62384954,-0.08609
9.62785114,0.07217
9.631852741,0.062885
9.635854342,-0.0039096
9.639855942,-0.033704
9.643857543,-0.0049594
9.647859144,0.088447
9.651860744,0.046004
9.655862345,-0.11009
9.659863946,-0.089486
9.663865546,0.041131
9.667867147,0.061319
9.671868747,0.0080234
9.675870348,-0.03859
9.679871949,-0.0132
9.683873549,0.076117
9.68787515,0.047249
9.691876751,-0.084383
9.695878351,-0.087553
9.699879952,0.021285
9.703881553,0.063325
9.707883153,0.015837
9.711884754,-0.038208
9.715886355,-0.018457
9.719887955,0.064215
9.723889556,0.066345
9.727891156,-0.052056
9.731892757,-0.10606
9.735894358,-0.0076593
9.739895958,0.072815
9.743897559,0.025247
9.74789916,-0.040955
9.75190076,-0.025198
9.755902361,0.04767
9.759903962,0.077456
9.763905562,-0.016835
9.767907163,-0.11635
9.771908764,-0.04482
9.775910364,0.076759
9.779911965,0.050894
9.783913565,-0.036
9.787915166,-0.038245
9.791916767,0.033506
9.795918367,0.081632
9.799919968,0.0025041
9.803921569,-0.11248
9.807923169,-0.060311
9.81192477,0.065163
9.815926371,0.054264
9.819927971,-0.02191
9.823929572,-0.03228
9.827931172,0.017133
9.831932773,0.069323
9.835934374,0.022997
9.839935974,-0.088861
9.843937575,-0.070714
9.847939176,0.045812
9.851940776,0.057789
9.855942377,-0.01421
9.859943978,-0.041046
9.863945578,0.0032534
9.867947179,0.071334
9.87194878,0.048364
9.87595038,-0.068087
9.879951981,-0.087634
9.883953581,0.013205
9.887955182,0.040649
9.891956783,-0.024205
9.895958383,-0.023213
9.899959984,0.057482
9.903961585,0.075471
9.907963185,-0.0067123
9.911964786,-0.064407
9.915966387,-0.035745
9.919967987,0.0083684
9.923969588,0.016668
9.927971188,0.0036153
9.931972789,-0.0050822
9.93597439,0.011384
9.93997599,0.039175
9.943977591,0.013622
9.947979192,-0.063837
9.951980792,-0.072901
9.955982393,0.015112
9.959983994,0.061572
9.963985594,0.018197
9.967987195,-0.015736
9.971988796,0.00089867
9.975990396,0.032285
9.979991997,0.02877
9.983993597,-0.035488
9.987995198,-0.071782
9.991996799,-0.0069978
9.995998399,0.051181
10,0.020143
,-0.022845
,-0.016326
,0.018914
,0.032553
,-0.0057912
,-0.041
,-0.017049
,0.018883
,0.017416
,-0.00030444
,-0.0050747
,0.013522
,0.030605
,-0.0030442
,-0.054301
,-0.037801
,0.019564
,0.03277
,0.0089066
,-0.0040216
,0.0034494
,0.01374
,-0.0010396
,-0.029549
,-0.021439
,0.013996
,0.02091
,0.0020031
,-0.0061688
,4.86E-06
,0.0089695
,0.0070724
,-0.011985
,-0.020759
,-0.0024785
,0.011956
,0.0072694
,0.0036138
,0.0069524
,0.0075821
,-0.0016544
,-0.015821
,-0.016406
,-0.0023679
,0.0075494
,0.0076283
,0.0036083
,-0.00038724
,-0.00080647
,0.00175
,0.002606
,0.00028388
,-0.001973
,-0.0027967
,-0.0037307
,-0.0026747
,0.0017354
,0.0043533
,0.0024541
,0.0005847
,0.001035
,-0.00053074
,-0.0042105
,-0.0026226
,0.0037585
,0.0051124
,0.0018749
,0.00093498
,-0.0019816
,-0.0078071
,-0.0069481
,-0.00096675
,0.0016182
,3.26E-05
,-0.0080574
,-0.0082896
,0.021956
,0.038045
,-0.00020655
,-0.027667
,-0.010088
,0.0015703
,-0.0036777
,-0.0023561
,0.0020233
,0.0011936
,8.49E-05
,0.0021535
,0.0033292
,0.0014062
,-0.0001384
,-0.00074917
,-0.0032872
,-0.0046788
,-0.0015344
,0.0018434
,0.0037517
,0.0056715
,0.0039382
,-0.0011227
,-0.0040677
,-0.0042842
,-0.0028933
,-0.0006384
,0.0011987
,0.0014418
,-0.00053021
,-0.001134
,0.0023817
,0.0060995
,0.0047901
,-0.0012406
,-0.0052256
,-0.0042166
,-0.0028456
,-0.0010461
,0.0035116
,0.0042483
,-0.0011574
,-0.0027436
,0.00082685
,0.00024024
,-0.0032181
,-0.0021239
,0.0017962
,0.0038887
,0.0029439
,-0.00085141
,-0.0027154
,0.001974
,0.0059467
,0.00074481
,-0.0060761
,-0.005468
,-0.003021
,-0.0023114
,0.0022851
,0.0071859
,0.0042913
,-0.00087576
,-0.0014032
,-0.0012334
,-0.0028165
,-0.0020322
,0.0027934
,0.0054952
,0.0003099
,-0.0063358
,-0.0054994
,-0.00021801
,0.00302
,0.0038469
,0.003431
,0.0013273
,-0.0016384
,-0.00238
,-0.0001412
,0.00096154
,-0.0013237
,-0.0020279
,0.0010539
,0.00084061
,-0.0036402
,-0.0031824
,0.0011701
,0.00057751
,0.00020509
,0.0063708
,0.0087626
,0.0020666
,-0.0033334
,-0.0026069
,-0.0018558
,-0.004416
,-0.0057329
,-0.0023239
,-0.0041068
,-0.012413
,0.0010126
,0.027783
,0.017785
,-0.0097043
,-0.0067496
,0.0045402
,-0.0008191
,-0.0070522
,-0.0056921
,-0.003481
,-0.0012978
,0.0039784
,0.0059965
,-0.0012237
,-0.0071555
,-0.0024393
,0.0040173
,0.0045238
,0.0043481
,0.0051942
,0.0020058
,-0.0044783
,-0.008479
,-0.0068757
,-2.16E-05
,0.0062806
,0.0050445
,0.00054464
,-0.00054275
,-0.00046869
,-0.00083932
,-0.0011266
,-0.001115
,-0.0007349
,-0.0020419
,-0.0025936
,0.0011323
,0.0044298
,0.0027914
,-0.00066139
,-0.0013842
,0.0003822
,0.0012757
,1.15E-05
,-0.00060171
,0.0013193
,0.0015913
,-0.0013349
,-0.0016976
,-0.00031508
,-0.002607
,-0.0045742
,-0.0018287
,0.0017431
,0.0038387
,0.0057249
,0.0048483
,-0.00040592
,-0.0044621
,-0.0039389
,-0.0022973
,-0.0012165
,0.00050251
,0.0016979
,0.0009865
,0.0010645
,0.0030493
,0.0020908
,-0.0015921
,-0.0017662
,-0.00012745
,-0.0012161
,-0.0024002
,-0.0023939
,-0.0029789
,-0.00085615
,0.0053503
,0.0081145
,0.0040767
,-0.00057148
,-0.0024992
,-0.0036928
,-0.0038929
,-0.0016538
,7.47E-05
,-0.00073825
,-0.00051447
,0.0012478
,0.0014425
,0.0013342
,0.0021469
,0.00042395
,-0.0037623
,-0.0032781
,0.0035712
,0.0072551
,0.0034205
,-0.0017208
,-0.0049915
,-0.0059387
,-0.0077479
,-0.014182
,-0.0030895
,0.031843
,0.032669
,-0.01097
,-0.026318
,-0.0058384
,0.0017796
,-3.70E-05
,0.0055321
,0.0063436
,-0.0010935
,-0.0054206
,-0.0049273
,-0.0027052
,0.0022241
,0.0053561
,0.0012019
,-0.0046858
,-0.0038712
,0.0022332
,0.0059538
,0.0053955
,0.0034102
,-5.96E-06
,-0.0041569
,-0.0063553
,-0.0052788
,-0.00091969
,0.0030979
,0.0021402
,-0.0015152
,-0.0010984
,0.0037301
,0.0056327
,0.0019973
,-0.0020666
,-0.0046652
,-0.0061665
,-0.0034468
,0.0029494
,0.0068624
,0.0041584
,-0.0024276
,-0.0037478
,0.0026659
,0.0048391
,-0.0023856
,-0.0064227
,-0.00070132
,0.0048045
,0.0016693
,-0.0043493
,-0.0035858
,0.00099043
,0.0028519
,0.0036336
,0.0018968
,-0.0033366
,-0.0046737
,-0.00086863
,0.0014653
,0.0016426
,0.0030249
,0.0039532
,0.0013455
,-0.0040866
,-0.0075539
,-0.0027451
,0.0051903
,0.0033979
,-0.0032768
,-0.00063283
,0.0055739
,0.0025703
,-0.0028259
,-0.0011322
,0.00097944
,-0.0019146
,-0.0051923
,-0.0037425
,0.0022573
,0.0056376
,0.0027041
,-8.13E-05
,0.00085118
,-2.10E-05
,-0.003896
,-0.003038
,0.0014156
,0.0013688
,0.0014371
,0.0045909
,0.0020578
,-0.0036026
,-0.0029819
,-1.54E-05
,-0.00011364
,-0.00077501
,-0.0015606
,-0.0027195
,-0.00173
,-0.0053386
,-0.0095244
,0.012918
,0.035183
,0.0051808
,-0.028008
,-0.011378
,0.005651
,-0.0042177
,-0.0042989
,0.0095404
,0.0098678
,-0.0023403
,-0.0071878
,-0.0022289
,0.0014816
,0.00014144
,-0.001399
,-0.0011084
,-0.00068019
,0.0018482
,0.0060073
,0.0040623
,-0.0032435
,-0.0057829
,-0.002919
,0.00035999
,0.0033779
,0.0034432
,6.55E-06
,-0.0016854
,-0.0013702
,-0.0014088
,-0.0009785
,-0.00098389
,-0.0013794
,0.0011875
,0.0057121
,0.0047533
,-0.0032365
,-0.0064571
,0.0010205
,0.0068739
,0.0026984
,-0.0034214
,-0.0044969
,-0.0039658
,-0.0034451
,0.00047196
,0.0043722
,0.0031709
,0.0011246
,0.0010335
,-9.16E-05
,-0.00144
,-0.00083728
,0.00022397
,0.00028467
,0.00020537
,0.00059187
,0.00012121
,-0.0019102
,-0.0027087
,-0.00024245
,0.0022141
,0.001864
,0.00047071
,0.00025655
,0.00061047
,-0.00051183
,-0.0027704
,-0.0032959
,4.46E-06
,0.0037113
,0.0013925
,-0.0031026
,-8.99E-05
,0.0058634
,0.0040195
,-0.0017924
,-0.0031336
,-0.0021138
,-0.0019893
,-0.00030583
,0.0014163
,-0.0010883
,-0.0035096
,-0.00059852
,0.0034153
,0.0033389
,0.00098644
,0.0006336
,0.0015645
,0.00089515
,-0.00037282
,-0.0018261
,-0.003699
,-0.0021679
,0.0015181
,-0.0010837
,-0.0064078
,-0.00053352
,0.0064447
,-0.0052929
,-0.0057757
,0.024274
,0.024228
,-0.015006
,-0.023058
,-0.0025372
,0.0019851
,-0.0021614
,-0.00028259
,0.0027483
,0.0034094
,0.00226
,0.0012728
,0.00030833
,-0.0027699
,-0.0042019
,-8.16E-05
,0.0029642
,0.00057974
,-0.00071172
,0.0013043
,0.0024702
,0.002272
,0.00063115
,-0.0024079
,-0.0031435
,-0.0019616
,-0.0024592
,-0.0024435
,-0.00024479
,0.0023685
,0.004998
,0.0042891
,-0.00060611
,-0.002114
,-6.29E-05
,-0.0021719
,-0.0040689
,0.001735
,0.0054051
,-0.001845
,-0.0064006
,0.001917
,0.0088521
,0.0046049
,-0.0023433
,-0.0072936
,-0.0086182
,-0.0014351
,0.0069184
,0.0053093
,-0.00032545
,-0.0015839
,-0.00090266
,0.00076955
,0.0032473
,0.0010288
,-0.0046392
,-0.0057352
,-0.0022832
,0.0021737
,0.0065568
,0.0051422
,-0.0025637
,-0.0053501
,-0.0012529
,0.0014441
,0.0026959
,0.0032364
,0.00024062
,-0.0016003
,-0.00015016
,-0.0015361
,-0.0035834
,6.53E-05
,0.0033279
,-0.00039142
,-0.0046641
,-0.0021852
,0.0034241
,0.0034342
,-0.0011576
,-0.0017182
,0.0013383
,0.0022648
,0.0010233
,8.84E-05
,0.00010851
,-0.0010085
,-0.00244
,0.0002484
,0.0033404
,0.00084133
,-0.00166
,0.00033368
,0.0008798
,-0.00083377
,-0.00056694
,-0.0014983
,-0.0031174
,-0.0038163
,-0.014245
,-0.014959
,0.023114
,0.042257
,-6.32E-06
,-0.026332
,-0.0044006
,0.0084442
,0.0013371
,-0.0029101
,-0.0053997
,-0.0067701
,-0.00035813
,0.0065185
,0.0022309
,-0.0056943
,-0.0036502
,0.0041714
,0.0050975
,-0.00057935
,-0.0026043
,0.00050521
,0.0017124
,5.18E-05
,-0.00059106
,0.00030995
,0.0011179
,0.00073622
,0.00065695
,0.0013767
,-0.00077801
,-0.0044616
,-0.0041874
,-0.00088573
,0.0014945
,0.002442
,0.0027207
,0.0017047
,-0.00072791
,-0.0025149
,-0.0014456
,0.0018932
,0.004127
,0.0023175
,-0.0025445
,-0.0057283
,-0.0033481
,0.0027256
,0.0037071
,-0.0021968
,-0.0021814
,0.004432
,0.0035044
,-0.0018015
,-0.0017753
,-0.0012537
,-0.0012191
,0.0015744
,0.00046026
,-0.0037782
,-0.00096955
,0.0036364
,0.0012371
,-0.0010925
,0.00020078
,0.0013608
,0.0043864
,0.0048336
,-0.0037536
,-0.010702
,-0.0061249
,0.0025889
,0.0068123
,0.0052652
,0.00014548
,-0.002235
,0.00056372
,-0.00024246
,-0.0062591
,-0.0044542
,0.0043337
,0.0040182
,-0.0030989
,-0.0014611
,0.0053031
,0.0039567
,-0.0013508
,-0.0022403
,-0.0020937
,-0.002059
,0.00065
,0.0030468
,0.0032069
,0.0035076
,0.002381
,-0.0038297
,-0.0090275
,-0.0036831
,0.0043977
,0.00089859
,-0.0058266
,-0.0017772
,-0.0019528
,-0.010355
,0.0092519
,0.037268
,0.011646
,-0.026477
,-0.016347
,0.0023946
,3.08E-05
,-0.0013182
,0.0011115
,-7.01E-05
,0.0011664
,0.003214
,-0.0014514
,-0.0038491
,0.0034594
,0.0066468
,-0.00031892
,-0.0042694
,-0.00097371
,0.0022805
,0.0027147
,7.96E-05
,-0.0034465
,-0.0032471
,-0.0026433
,-0.0041829
,-0.00093811
,0.0054986
,0.0053443
,0.00038188
,-0.00023622
,0.0028206
,0.00091385
,-0.0045994
,-0.0042028
,0.001156
,0.0040012
,0.0029717
,-0.00040138
,-0.0034813
,-0.0023836
,0.00080959
,0.00095816
,-0.0015677
,-0.0036572
,-0.0021716
,0.0037711
,0.0072714
,0.0023214
,-0.0038862
,-0.0022636
,0.0027865
,0.002372
,-0.0019574
,-0.0036602
,-0.0033146
,-0.0037742
,-0.0013205
,0.0051986
,0.0064448
,0.00017477
,-0.00095066
,0.0049173
,0.003386
,-0.0067035
,-0.010702
,-0.0047353
,0.0029338
,0.0076667
,0.0068825
,3.38E-05
,-0.0037718
,-0.00019425
,0.0018507
,-0.00037581
,-0.0024307
,-0.0021519
,0.00178
,0.0035867
,-0.0016798
,-0.0059177
,-0.0026386
,0.0018487
,2.51E-05
,-0.0017441
,0.0045511
,0.0083371
,0.0007178
,-0.0063531
,-0.0022941
,0.0043293
,0.001047
,-0.0059605
,-0.0024268
,0.0050712
,0.0034147
,-0.0010063
,-0.00078208
,1.19E-05
,-0.001387
,-0.0092628
,-0.02174
,-0.0068846
,0.038266
,0.041037
,-0.0094584
,-0.028196
,-0.0068134
,0.00025212
,-0.0038972
,-0.00053902
,0.00175
,-0.00018678
,0.00017498
,0.0028741
,0.004258
,0.0033946
,0.00054446
,-0.0027962
,-0.0040006
,-0.00213
,-0.00031876
,-0.0024326
,-0.0040685
,0.001608
,0.0088977
,0.0066707
,-0.0026794
,-0.0063573
,-0.00079458
,0.0044824
,0.0020089
,-0.0033542
,-0.0036544
,-0.00061303
,0.00091448
,0.0029197
,0.0050959
,0.00066713
,-0.0073734
,-0.0065653
,0.0021385
,0.0052381
,0.00019706
,-0.0038175
,-0.0019658
,0.0034345
,0.006005
,0.0014774
,-0.0031715
,-0.00059446
,0.0023969
,-0.00027397
,-0.0026327
,-0.0021771
,-0.0023136
,-0.0013967
,-0.0001738
,-0.0014128
,0.00090309
,0.0065462
,0.0052474
,-0.0010048
,-0.0025009
,-0.00068247
,-0.0016516
,-0.0026257
,7.79E-05
,0.0014968
,0.00095211
,0.0018933
,-0.0013837
,-0.0067087
,-0.00081487
,0.0086866
,0.0042228
,-0.0045476
,-0.0015684
,0.0021636
,-0.0042077
,-0.0059198
,0.003645
,0.0078997
,0.0025124
,-0.0019272
,-0.0035331
,-0.0030143
,-0.00039626
,-0.00010221
,-0.00030549
,0.0032761
,0.0042142
,-0.0017526
,-0.0056673
,-0.0012478
,0.0041379
,0.0025188
,-0.00088645
,0.0022007
,0.0054527
,-0.0010043
,-0.0089798
,-0.0090603
,-0.012914
,-0.013863
,0.017864
,0.044966
,0.012146
,-0.026229
,-0.015591
,0.0022203
,0.001786
,0.0019713
,0.0021121
,-0.0042798
,-0.0066492
,-0.00074661
,0.0028567
,0.00097185
,0.0010824
,0.0038066
,0.0023809
,-0.0025638
,-0.0030372
,0.00038409
,0.00088938
,-0.00084968
,-0.00060674
,0.0023546
,0.0028811
,-0.0025904
,-0.0049528
,-0.00044755
,0.00097307
,-1.76E-05
,0.0036358
,0.0065313
,0.0021684
,-0.0042818
,-0.0039224
,0.0014421
,0.0016911
,-0.0041182
,-0.0061906
,-0.0010345
,0.0038119
,0.0038451
,0.0013206
,-0.0018568
,-0.002439
,0.0016174
,0.0052084
,0.0033663
,-0.0024547
,-0.0076182
,-0.007031
,0.00092863
,0.0085345
,0.0064039
,-0.00083302
,-0.00327
,-0.002647
,-0.0022398
,0.00075324
,0.0031259
,0.00040299
,-0.0012468
,0.0012417
,0.00096279
,-0.0020117
,-0.000618
,0.0016178
,-0.0024051
,-0.0038004
,0.0030162
,0.0042145
,-0.0020738
,-0.0034577
,-0.00033788
,0.0027091
,0.0044987
,0.0019662
,-0.0029243
,-0.0049502
,-0.0021176
,0.0035275
,0.0049213
,-6.36E-05
,-0.0034409
,-0.0028874
,-0.0026173
,-0.00034173
,0.0031465
,0.0020297
,0.00093188
,0.0038751
,0.0038406
,-0.0012712
,-0.0053217
,-0.0044582
,-0.00076762
,0.0012472
,0.00059132
,-0.0012691
,-0.0019213
,-0.0044291
,-0.012678
,-0.0020806
,0.031212
,0.028235
,-0.01128
,-0.019777
,-0.0028586
,-0.00050136
,-0.0044948
,-0.0036844
,-0.0012154
,0.0027636
,0.0033245
,-4.75E-05
,0.0014693
,0.0041067
,-0.0013647
,-0.0058274
,0.00069765
,0.0065946
,0.00072978
,-0.0058027
,-0.0016844
,0.004713
,0.0027933
,-0.0023908
,-0.0021528
,-0.000167
,-0.0015492
,-0.0023762
,-1.86E-05
,0.0026017
,0.0034354
,0.0033563
,0.0012943
,-0.0029884
,-0.0042273
,-0.0029481
,-0.0027616
,0.001003
,0.0064006
,0.0042108
,-0.0014007
,-0.0023998
,-0.001156
,0.0003582
,0.0011152
,-0.0011859
,-0.0014901
,0.00064042
,-0.0028975
,-0.0056057
,0.0024872
,0.00949
,0.0042924
,-0.0025864
,-0.001959
,-0.00077164
,-0.0035892
,-0.0027762
,0.0034545
,0.0040594
,-0.0026939
,-0.0044539
,0.00079546
,0.0033314
,0.00070714
,-0.0021289
,-0.0014889
,0.0021081
,0.0040683
,0.00092695
,-0.0037587
,-0.0024311
,0.0043582
,0.0064325
,-0.00016959
,-0.007498
,-0.0078039
,-0.0026905
,0.0013105
,0.0028838
,0.0037205
,0.001557
,-0.0023416
,-0.0013091
,0.003345
,0.0045295
,0.0025254
,0.00022829
,-0.0022315
,-0.0025164
,-0.00060124
,-0.0016681
,-0.0049751
,-0.0028668
,0.0027654
,0.0025682
,7.52E-06
,0.0024663
,0.0051849
,0.0015492
,-0.011054
,-0.015183
,0.011353
,0.027568
,-0.0020041
,-0.020103
,-0.0013433
,0.0065604
,-0.0021625
,-0.0031374
,0.0005584
,0.00053468
,-6.55E-05
,0.0015001
,0.0011982
,-0.0019771
,-0.0020259
,0.00099045
,0.0021567
,0.0021442
,0.0015118
,-0.001404
,-0.0033144
,-0.0019688
,-0.0011861
,-0.00053734
,0.0027802
,0.0046699
,0.0018038
,-0.0020178
,-0.0028206
,-0.0012604
,0.00058024
,0.0017959
,0.0014001
,-0.0008841
,-0.0021987
,-0.0014534
,-0.0012533
,1.67E-06
,0.002504
,0.00068455
,-0.0018138
,0.0018997
,0.0046864
,0.001185
,-0.0015251
,-0.0020403
,-0.0042744
,-0.0046886
,-0.00057336
,0.0026922
,0.0025461
,0.0031957
,0.0042216
,0.0025754
,0.00069574
,-0.0011818
,-0.0053227
,-0.0078343
,-0.004286
,0.0023688
,0.0058225
,0.0021999
,-0.0040034
,-0.0029984
,0.0031139
,0.0056896
,0.0061166
,0.0042121
,-0.0034289
,-0.0083232
,-0.0046412
,-0.0012469
,-0.0015213
,0.00065424
,0.0035885
,0.00088747
,-0.0023289
,0.003137
,0.0091171
,0.0026649
,-0.0065057
,-0.0044376
,1.20E-05
,-0.0033057
,-0.0052182
,0.00099337
,0.0058456
,0.0040718
,0.0029285
,0.0033548
,-0.0012038
,-0.006435
,-0.0047568
,-0.00026875
,0.0021731
,0.0020206
,-0.0020971
,-0.0055976
,-0.00020931
,0.0073246
,-0.0031382
,-0.01859
,0.0065586
,0.042587
,0.0153
,-0.03054
,-0.02162
,0.0015122
,-0.00021099
,-0.0021367
,0.0037402
,0.0059655
,0.0054183
,0.0032197
,-0.0013854
,-0.0041013
,-0.0019224
,0.0022282
,0.00062722
,-0.0053384
,-0.0048675
,-0.00024393
,0.00028504
,0.00060471
,0.0043141
,0.0059985
,0.0020725
,-0.002819
,-0.0026823
,4.91E-05
,0.00013317
,-0.00058647
,-0.00035412
,-0.00057291
,0.00075158
,0.003415
,0.002196
,-0.0036756
,-0.007989
,-0.0042025
,0.0054826
,0.0094576
,0.0029271
,-0.0047877
,-0.0062479
,-0.0023584
,0.0041574
,0.006184
,-0.00017587
,-0.0055084
,-0.0035831
,0.0007936
,0.0036308
,0.0024848
,-0.0008721
,0.00079854
,0.004071
,-0.0012024
,-0.0079842
,-0.0036441
,0.0047251
,0.0056991
,0.00013179
,-0.0066637
,-0.0057157
,0.0037507
,0.0060549
,-0.00076328
,-0.0014074
,0.003424
,0.002142
,-0.0026649
,-0.0018239
,0.0011955
,-0.0014093
,-0.0039443
,-0.0003607
,0.0024516
,0.0011422
,0.00056647
,0.0014184
,0.001947
,0.0026416
,0.0015181
,-0.0040498
,-0.0086629
,-0.006173
,5.11E-05
,0.005562
,0.0080512
,0.0057693
,0.0023169
,-0.00060989
,-0.0054698
,-0.0081744
,-0.00405
,0.0025773
,0.0062329
,0.0059093
,0.00095745
,-0.0060488
,-0.007009
,-0.0064665
,-0.015651
,-0.007647
,0.033793
,0.043541
,-0.0031225
,-0.030525
,-0.014209
,0.0012396
,0.0016126
,-0.0015625
,-0.0023284
,-0.00036653
,0.0028843
,0.0057049
,0.0047252
,-5.65E-05
,-0.0035428
,-0.0026863
,0.00019907
,0.0007436
,-0.0016215
,-0.002897
,-0.0011213
,0.00064506
,0.0015625
,0.0038566
,0.0019126
,-0.0052776
,-0.0039412
,0.0044756
,0.0055425
,0.0023152
,0.00085188
,-0.0018607
,-0.004518
,-0.0043776
,-0.0024944
,0.00011977
,0.0027853
,0.0034715
,0.0012771
,-0.00075117
,-0.0011955
,-0.00073001
,0.0017743
,0.0029484
,-0.00036793
,-0.0028268
,-0.0016856
,-0.00025316
,0.00077269
,0.0026225
,0.0031949
,-0.00052141
,-0.0034658
,-0.0012799
,-0.0032394
,-0.010962
,-0.0065114
,0.011939
,0.017486
,0.0035011
,-0.0039583
,-7.15E-06
,-0.0029858
,-0.0089759
,-0.0036238
,0.0058718
,0.0076548
,0.0043224
,-0.00088921
,-0.0081789
,-0.0098984
,-0.0025684
,0.0031356
,0.0027066
,0.0016616
,0.0010775
,0.0013615
,0.0043646
,0.0068982
,0.0032013
,-0.0054358
,-0.0089638
,-0.0042968
,0.00070695
,0.0017246
,0.000922
,0.0013352
,0.0017487
,-0.00074996
,-0.0034548
,-0.0027328
,0.0017922
,0.0067278
,0.005719
,0.00042534
,-0.002488
,-0.0044203
,-0.0053033
,-0.00065273
,0.0020755
,-0.0089042
,-0.01644
,0.010312
,0.038738
,0.01436
,-0.023361
,-0.019872
,-0.001085
,0.0039603
,0.0035158
,0.004378
,0.002375
,-0.0035935
,-0.0059547
,-0.0020101
,0.0015227
,0.0026804
,0.0032707
,0.00078084
,-0.0029061
,-0.0010909
,0.0025931
,0.00067993
,-0.002277
,-0.0021016
,-0.0028565
,-0.0023653
,0.0034145
,0.0080761
,0.0045155
,-0.0030333
,-0.0044183
,0.0004153
,0.0015588
,-0.0023702
,-0.0021102
,0.0026622
,0.0012994
,-0.0044086
,-0.0034639
,0.0014277
,0.0038823
,0.0043611
,0.0008756
,-0.0047501
,-0.0048145
,-0.00054812
,0.0022481
,0.0043179
,0.0046321
,5.13E-05
,-0.0042768
,-0.0037324
,-0.0018975
,0.00049001
,0.0038428
,0.0029627
,-0.0013401
,-0.0027429
,-0.0014089
,0.00036257
,0.001228
,0.00037496
,2.91E-05
,-0.00090992
,-0.0038897
,-0.0025328
,0.0039772
,0.0064559
,0.0035475
,0.00092331
,-0.00070704
,-0.0024552
,-0.0039157
,-0.0035672
,-0.00072843
,0.0017528
,0.0014932
,-0.00081031
,-0.00176
,0.00068046
,0.0020381
,-3.50E-05
,-0.0011391
,0.00057658
,0.0014322
,-0.0027804
,-0.0064573
,-0.0016343
,0.0031973
,0.0013722
,0.0037627
,0.014723
,0.017344
,-1.97E-05