timestamp,temperature_C,humidity_pct
2024-01-01 00:00:00,22.0,55.0
2024-01-01 00:01:00,22.008732682894117,54.999952337428745
2024-01-01 00:02:00,22.01746519929938,54.99980935062368
2024-01-01 00:03:00,22.026197382730125,54.99957104231083
2024-01-01 00:04:00,22.034929066707022,54.999237417033584
2024-01-01 00:05:00,22.043660084760266,54.99880848115249
2024-01-01 00:06:00,22.05239027043275,54.99828424284523
2024-01-01 00:07:00,22.061119457283233,54.99766471210642
2024-01-01 00:08:00,22.06984747888952,54.99694990074744
2024-01-01 00:09:00,22.078574168851635,54.99613982239618
2024-01-01 00:10:00,22.08729936079498,54.99523449249682
2024-01-01 00:11:00,22.096022888373525,54.99423392830948
2024-01-01 00:12:00,22.104744585272964,54.993138148909956
2024-01-01 00:13:00,22.1134642852139,54.99194717518932
2024-01-01 00:14:00,22.122181821955003,54.990661029853506
2024-01-01 00:15:00,22.13089702929619,54.989279737422926
2024-01-01 00:16:00,22.139609741081784,54.98780332423195
2024-01-01 00:17:00,22.148319791203683,54.98623181842843
2024-01-01 00:18:00,22.157027013604537,54.98456524997319
2024-01-01 00:19:00,22.1657312422809,54.98280365063938
2024-01-01 00:20:00,22.174432311286406,54.98094705401197
2024-01-01 00:21:00,22.183130054734924,54.978995495487005
2024-01-01 00:22:00,22.19182430680373,54.976949012271014
2024-01-01 00:23:00,22.20051490173666,54.97480764338025
2024-01-01 00:24:00,22.209201673847275,54.972571429639984
2024-01-01 00:25:00,22.217884457522015,54.97024041368369
2024-01-01 00:26:00,22.22656308722336,54.967814639952245
2024-01-01 00:27:00,22.23523739749299,54.965294154693105
2024-01-01 00:28:00,22.243907222954935,54.96267900595939
2024-01-01 00:29:00,22.252572398318723,54.95996924360898
2024-01-01 00:30:00,22.261232758382537,54.95716491930358
2024-01-01 00:31:00,22.269888138036364,54.95426608650771
2024-01-01 00:32:00,22.278538372265153,54.95127280048769
2024-01-01 00:33:00,22.28718329615193,54.94818511831062
2024-01-01 00:34:00,22.295822744880986,54.94500309884324
2024-01-01 00:35:00,22.304456553740977,54.94172680275084
2024-01-01 00:36:00,22.313084558128093,54.9383562924961
2024-01-01 00:37:00,22.321706593549187,54.9348916323379
2024-01-01 00:38:00,22.330322495624905,54.931332888330076
2024-01-01 00:39:00,22.33893210009283,54.92768012832018
2024-01-01 00:40:00,22.347535242810608,54.923933421948206
2024-01-01 00:41:00,22.356131759759073,54.9200928406452
2024-01-01 00:42:00,22.36472148704539,54.91615845763196
2024-01-01 00:43:00,22.373304260906163,54.91213034791761
2024-01-01 00:44:00,22.38187991771056,54.90800858829817
2024-01-01 00:45:00,22.39044829396344,54.90379325735511
2024-01-01 00:46:00,22.399009226308472,54.89948443545384
2024-01-01 00:47:00,22.40756255153123,54.89508220474217
2024-01-01 00:48:00,22.416108106562326,54.890586649148744
2024-01-01 00:49:00,22.424645728480513,54.88599785438147
2024-01-01 00:50:00,22.433175254515785,54.881315907925845
2024-01-01 00:51:00,22.44169652205248,54.87654089904331
2024-01-01 00:52:00,22.450209368632397,54.87167291876955
2024-01-01 00:53:00,22.458713631957867,54.86671205991274
2024-01-01 00:54:00,22.467209149894867,54.861658417051814
2024-01-01 00:55:00,22.475695760476114,54.85651208653459
2024-01-01 00:56:00,22.484173301904125,54.85127316647603
2024-01-01 00:57:00,22.492641612554337,54.845941756756275
2024-01-01 00:58:00,22.501100530978167,54.840517959018825
2024-01-01 00:59:00,22.50954989590609,54.835001876668514
2024-01-01 01:00:00,22.517989546250725,54.82939361486963
2024-01-01 01:01:00,22.5264193211099,54.82369328054383
2024-01-01 01:02:00,22.53483905976971,54.81790098236816
2024-01-01 01:03:00,22.543248601707607,54.81201683077294
2024-01-01 01:04:00,22.551647786595424,54.8060409379397
2024-01-01 01:05:00,22.56003645430247,54.799973417798995
2024-01-01 01:06:00,22.568414444898554,54.79381438602828
2024-01-01 01:07:00,22.576781598657043,54.78756396004967
2024-01-01 01:08:00,22.585137756057915,54.7812222590277
2024-01-01 01:09:00,22.59348275779079,54.774789403867096
2024-01-01 01:10:00,22.601816444757976,54.768265517210416
2024-01-01 01:11:00,22.61013865807749,54.76165072343576
2024-01-01 01:12:00,22.618449239086097,54.75494514865434
2024-01-01 01:13:00,22.62674802934233,54.74814892070814
2024-01-01 01:14:00,22.635034870629525,54.74126216916744
2024-01-01 01:15:00,22.643309604958812,54.73428502532836
2024-01-01 01:16:00,22.651572074572147,54.72721762221033
2024-01-01 01:17:00,22.659822121945307,54.72006009455361
2024-01-01 01:18:00,22.668059589790907,54.71281257881666
2024-01-01 01:19:00,22.676284321061388,54.70547521317357
2024-01-01 01:20:00,22.68449615895201,54.698048137511435
2024-01-01 01:21:00,22.69269494690386,54.69053149342765
2024-01-01 01:22:00,22.7008805286068,54.682925424227264
2024-01-01 01:23:00,22.709052748002485,54.675230074920194
2024-01-01 01:24:00,22.717211449287323,54.6674455922185
2024-01-01 01:25:00,22.725356476915437,54.659572124533554
2024-01-01 01:26:00,22.733487675601644,54.65160982197326
2024-01-01 01:27:00,22.741604890324414,54.64355883633913
2024-01-01 01:28:00,22.74970796632881,54.635419321123436
2024-01-01 01:29:00,22.75779674912946,54.627191431506276
2024-01-01 01:30:00,22.765871084513496,54.618875324352594
2024-01-01 01:31:00,22.773930818543473,54.61047115820921
2024-01-01 01:32:00,22.781975797560335,54.601979093301786
2024-01-01 01:33:00,22.790005868186334,54.59339929153179
2024-01-01 01:34:00,22.798020877327936,54.58473191647338
2024-01-01 01:35:00,22.806020672178768,54.575977133370316
2024-01-01 01:36:00,22.814005100222513,54.567135109132785
2024-01-01 01:37:00,22.821974009235824,54.55820601233423
2024-01-01 01:38:00,22.82992724729122,54.54919001320813
2024-01-01 01:39:00,22.83786466275999,54.54008728364478
2024-01-01 01:40:00,22.84578610431509,54.530897997187964
2024-01-01 01:41:00,22.853691420934002,54.5216223290317
2024-01-01 01:42:00,22.861580461901642,54.512260456016854
2024-01-01 01:43:00,22.869453076813222,54.502812556627816
2024-01-01 01:44:00,22.87730911557711,54.493278810989054
2024-01-01 01:45:00,22.885148428417708,54.48365940086169
2024-01-01 01:46:00,22.892970865878286,54.47395450964006
2024-01-01 01:47:00,22.90077627882386,54.464164322348196
2024-01-01 01:48:00,22.908564518444003,54.454289025636285
2024-01-01 01:49:00,22.916335436255707,54.444328807777154
2024-01-01 01:50:00,22.9240888841062,54.43428385866263
2024-01-01 01:51:00,22.931824714175786,54.424154369799965
2024-01-01 01:52:00,22.939542778980634,54.41394053430814
2024-01-01 01:53:00,22.947242931375623,54.40364254691423
2024-01-01 01:54:00,22.954925024557127,54.393260603949656
2024-01-01 01:55:00,22.962588912065822,54.38279490334645
2024-01-01 01:56:00,22.970234447789473,54.372245644633495
2024-01-01 01:57:00,22.977861485965725,54.361613028932716
2024-01-01 01:58:00,22.985469881184876,54.35089725895523
2024-01-01 01:59:00,22.993059488392657,54.340098538997495
2024-01-01 02:00:00,23.00063016289299,54.32921707493742
2024-01-01 02:01:00,23.008181760350745,54.31825307423042
2024-01-01 02:02:00,23.015714136794504,54.30720674590548
2024-01-01 02:03:00,23.0232271486193,54.29607830056118
2024-01-01 02:04:00,23.03072065258934,54.28486795036163
2024-01-01 02:05:00,23.038194505840764,54.27357590903248
2024-01-01 02:06:00,23.045648565884346,54.26220239185683
2024-01-01 02:07:00,23.053082690608214,54.2507476156711
2024-01-01 02:08:00,23.060496738280573,54.23921179886092
2024-01-01 02:09:00,23.067890567552393,54.22759516135698
2024-01-01 02:10:00,23.075264037460105,54.215897924630795
2024-01-01 02:11:00,23.082617007428293,54.20412031169052
2024-01-01 02:12:00,23.089949337272383,54.19226254707667
2024-01-01 02:13:00,23.097260887201294,54.180324856857894
2024-01-01 02:14:00,23.104551517820113,54.168307468626566
2024-01-01 02:15:00,23.111821090132768,54.15621061149455
2024-01-01 02:16:00,23.119069465544648,54.144034516088766
2024-01-01 02:17:00,23.126296505865277,54.13177941454683
2024-01-01 02:18:00,23.13350207331092,54.119445540512594
2024-01-01 02:19:00,23.140686030507226,54.107033129131715
2024-01-01 02:20:00,23.14784824049185,54.09454241704717
2024-01-01 02:21:00,23.154988566717055,54.08197364239476
2024-01-01 02:22:00,23.162106873052316,54.069327044798506
2024-01-01 02:23:00,23.169203023786924,54.05660286536616
2024-01-01 02:24:00,23.176276883632557,54.043801346684575
2024-01-01 02:25:00,23.18332831772588,54.03092273281506
2024-01-01 02:26:00,23.1903571916311,54.01796726928876
2024-01-01 02:27:00,23.197363371342533,54.00493520310195
2024-01-01 02:28:00,23.204346723287166,53.99182678271135
2024-01-01 02:29:00,23.211307114327195,53.97864225802937
2024-01-01 02:30:00,23.218244411762566,53.965381880419336
2024-01-01 02:31:00,23.2251584833335,53.95204590269074
2024-01-01 02:32:00,23.232049197223038,53.938634579094376
2024-01-01 02:33:00,23.238916422059514,53.925148165317495
2024-01-01 02:34:00,23.245760026919093,53.91158691847898
2024-01-01 02:35:00,23.252579881328252,53.89795109712438
2024-01-01 02:36:00,23.259375855266274,53.88424096122101
2024-01-01 02:37:00,23.266147819167724,53.87045677215301
2024-01-01 02:38:00,23.27289564392491,53.85659879271634
2024-01-01 02:39:00,23.27961920089037,53.84266728711377
2024-01-01 02:40:00,23.286318361879292,53.828662520949855
2024-01-01 02:41:00,23.292992999171986,53.814584761225845
2024-01-01 02:42:00,23.299642985516297,53.800434276334656
2024-01-01 02:43:00,23.30626819413005,53.786211336055665
2024-01-01 02:44:00,23.31286849870345,53.77191621154964
2024-01-01 02:45:00,23.319443773401503,53.75754917535354
2024-01-01 02:46:00,23.32599389286641,53.74311050137531
2024-01-01 02:47:00,23.33251873221996,53.7286004648887
2024-01-01 02:48:00,23.3390181670659,53.71401934252795
2024-01-01 02:49:00,23.34549207349232,53.699367412282584
2024-01-01 02:50:00,23.351940328074015,53.68464495349207
2024-01-01 02:51:00,23.35836280787482,53.66985224684049
2024-01-01 02:52:00,23.36475939044998,53.65498957435124
2024-01-01 02:53:00,23.371129953848463,53.64005721938158
2024-01-01 02:54:00,23.377474376615297,53.62505546661729
2024-01-01 02:55:00,23.38379253779388,53.60998460206721
2024-01-01 02:56:00,23.39008431692829,53.5948449130578
2024-01-01 02:57:00,23.396349594065583,53.579636688227666
2024-01-01 02:58:00,23.402588249758065,53.564360217522044
2024-01-01 02:59:00,23.408800165065593,53.54901579218729
2024-01-01 03:00:00,23.414985221557817,53.533603704765305
2024-01-01 03:01:00,23.421143301316466,53.51812424908798
2024-01-01 03:02:00,23.427274286937568,53.502577720271574
2024-01-01 03:03:00,23.433378061533716,53.4869644147111
2024-01-01 03:04:00,23.439454508736265,53.47128463007469
2024-01-01 03:05:00,23.445503512697577,53.45553866529786
2024-01-01 03:06:00,23.451524958093223,53.439726820577896
2024-01-01 03:07:00,23.457518730124175,53.42384939736806
2024-01-01 03:08:00,23.46348471451899,53.407906698371875
2024-01-01 03:09:00,23.46942279753602,53.39189902753736
2024-01-01 03:10:00,23.475332865965527,53.37582669005121
2024-01-01 03:11:00,23.481214807131902,53.359689992333
2024-01-01 03:12:00,23.48706850889576,53.343489242029335
2024-01-01 03:13:00,23.49289385965611,53.32722474800798
2024-01-01 03:14:00,23.49869074835248,53.310896820351964
2024-01-01 03:15:00,23.504459064467017,53.29450577035371
2024-01-01 03:16:00,23.510198698026613,53.27805191050905
2024-01-01 03:17:00,23.515909539604987,53.26153555451128
2024-01-01 03:18:00,23.521591480324783,53.24495701724521
2024-01-01 03:19:00,23.52724441185964,53.22831661478112
2024-01-01 03:20:00,23.53286822643626,53.21161466436876
2024-01-01 03:21:00,23.53846281683645,53.19485148443129
2024-01-01 03:22:00,23.54402807639919,53.178027394559216
2024-01-01 03:23:00,23.54956389902265,53.16114271550428
2024-01-01 03:24:00,23.555070179166208,53.14419776917338
2024-01-01 03:25:00,23.56054681185248,53.127192878622395
2024-01-01 03:26:00,23.565993692669306,53.110128368050056
2024-01-01 03:27:00,23.571410717771748,53.093004562791734
2024-01-01 03:28:00,23.57679778388407,53.07582178931327
2024-01-01 03:29:00,23.5821547883017,53.05858037520473
2024-01-01 03:30:00,23.5874816288932,53.04128064917416
2024-01-01 03:31:00,23.5927782041022,53.023922941041334
2024-01-01 03:32:00,23.598044412949342,53.006507581731455
2024-01-01 03:33:00,23.603280155034206,52.98903490326884
2024-01-01 03:34:00,23.608485330537217,52.9715052387706
2024-01-01 03:35:00,23.61365984022156,52.953918922440295
2024-01-01 03:36:00,23.618803585435057,52.93627628956154
2024-01-01 03:37:00,23.623916468112057,52.918577676491644
2024-01-01 03:38:00,23.628998390775315,52.90082342065516
2024-01-01 03:39:00,23.63404925653782,52.88301386053748
2024-01-01 03:40:00,23.639068969104677,52.86514933567838
2024-01-01 03:41:00,23.644057432774925,52.84723018666554
2024-01-01 03:42:00,23.649014552443358,52.82925675512804
2024-01-01 03:43:00,23.653940233602352,52.811229383729874
2024-01-01 03:44:00,23.658834382343652,52.793148416163376
2024-01-01 03:45:00,23.663696905360172,52.77501419714272
2024-01-01 03:46:00,23.668527709947778,52.7568270723973
2024-01-01 03:47:00,23.673326704007035,52.738587388665174
2024-01-01 03:48:00,23.67809379604499,52.72029549368643
2024-01-01 03:49:00,23.682828895176897,52.70195173619656
2024-01-01 03:50:00,23.687531911127955,52.68355646591984
2024-01-01 03:51:00,23.69220275423503,52.66511003356261
2024-01-01 03:52:00,23.696841335448365,52.646612790806635
2024-01-01 03:53:00,23.70144756633328,52.62806509030237
2024-01-01 03:54:00,23.706021359071848,52.609467285662255
2024-01-01 03:55:00,23.710562626464583,52.59081973145397
2024-01-01 03:56:00,23.71507128193209,52.572122783193656
2024-01-01 03:57:00,23.719547239516725,52.553376797339176
2024-01-01 03:58:00,23.72399041388423,52.53458213128328
2024-01-01 03:59:00,23.72840072032536,52.51573914334681
2024-01-01 04:00:00,23.732778074757494,52.49684819277188
2024-01-01 04:01:00,23.73712239372625,52.47790963971498
2024-01-01 04:02:00,23.741433594407056,52.458923845240186
2024-01-01 04:03:00,23.745711594606753,52.43989117131219
2024-01-01 04:04:00,23.749956312765143,52.42081198078948
2024-01-01 04:05:00,23.754167667956555,52.40168663741736
2024-01-01 04:06:00,23.758345579891383,52.38251550582105
2024-01-01 04:07:00,23.762489968917613,52.36329895149871
2024-01-01 04:08:00,23.766600756022356,52.34403734081451
2024-01-01 04:09:00,23.770677862833335,52.324731040991594
2024-01-01 04:10:00,23.77472121162039,52.305380420105124
2024-01-01 04:11:00,23.778730725296967,52.285985847075246
2024-01-01 04:12:00,23.782706327421568,52.26654769166003
2024-01-01 04:13:00,23.786647942199227,52.24706632444848
2024-01-01 04:14:00,23.79055549448295,52.227542116853414
2024-01-01 04:15:00,23.794428909775135,52.207975441104395
2024-01-01 04:16:00,23.79826811422901,52.18836667024066
2024-01-01 04:17:00,23.80207303465004,52.16871617810399
2024-01-01 04:18:00,23.8058435984973,52.149024339331575
2024-01-01 04:19:00,23.809579733884885,52.12929152934888
2024-01-01 04:20:00,23.813281369583272,52.109518124362495
2024-01-01 04:21:00,23.816948435020663,52.08970450135294
2024-01-01 04:22:00,23.82058086028436,52.06985103806751
2024-01-01 04:23:00,23.824178576122065,52.04995811301304
2024-01-01 04:24:00,23.827741513943224,52.03002610544873
2024-01-01 04:25:00,23.831269605820328,52.010055395378856
2024-01-01 04:26:00,23.834762784490202,51.99004636354558
2024-01-01 04:27:00,23.8382209833553,51.96999939142166
2024-01-01 04:28:00,23.841644136484955,51.949914861203204
2024-01-01 04:29:00,23.845032178616663,51.92979315580234
2024-01-01 04:30:00,23.8483850451573,51.90963465883996
2024-01-01 04:31:00,23.851702672184366,51.88943975463838
2024-01-01 04:32:00,23.854984996447214,51.86920882821403
2024-01-01 04:33:00,23.858231955368236,51.8489422652701
2024-01-01 04:34:00,23.861443487044067,51.82864045218918
2024-01-01 04:35:00,23.864619530246763,51.808303776025916
2024-01-01 04:36:00,23.867760024424975,51.78793262449963
2024-01-01 04:37:00,23.870864909705084,51.767527385986895
2024-01-01 04:38:00,23.87393412689237,51.74708844951417
2024-01-01 04:39:00,23.876967617472115,51.72661620475037
2024-01-01 04:40:00,23.87996532361074,51.70611104199941
2024-01-01 04:41:00,23.882927188156888,51.685573352192804
2024-01-01 04:42:00,23.885853154642525,51.6650035268822
2024-01-01 04:43:00,23.888743167284026,51.64440195823191
2024-01-01 04:44:00,23.891597170983207,51.62376903901141
2024-01-01 04:45:00,23.894415111328414,51.6031051625879
2024-01-01 04:46:00,23.897196934595527,51.58241072291878
2024-01-01 04:47:00,23.89994258774901,51.56168611454413
2024-01-01 04:48:00,23.90265201844291,51.54093173257919
2024-01-01 04:49:00,23.905325175021847,51.52014797270686
2024-01-01 04:50:00,23.907962006522023,51.49933523117009
2024-01-01 04:51:00,23.91056246267216,51.47849390476441
2024-01-01 04:52:00,23.9131264938945,51.457624390830304
2024-01-01 04:53:00,23.9156540513057,51.436727087245636
2024-01-01 04:54:00,23.918145086717818,51.41580239241811
2024-01-01 04:55:00,23.92059955263919,51.39485070527761
2024-01-01 04:56:00,23.92301740227535,51.373872425268665
2024-01-01 04:57:00,23.925398589529923,51.35286795234277
2024-01-01 04:58:00,23.927743069005516,51.33183768695081
2024-01-01 04:59:00,23.930050796004554,51.31078203003539
2024-01-01 05:00:00,23.932321726530155,51.28970138302321
2024-01-01 05:01:00,23.93455581728697,51.2685961478174
2024-01-01 05:02:00,23.93675302568199,51.247466726789874
2024-01-01 05:03:00,23.938913309825377,51.22631352277365
2024-01-01 05:04:00,23.94103662853125,51.205136939055166
2024-01-01 05:05:00,23.943122941318478,51.18393737936659
2024-01-01 05:06:00,23.94517220841145,51.162715247878126
2024-01-01 05:07:00,23.947184390740826,51.14147094919033
2024-01-01 05:08:00,23.949159449944297,51.120204888326356
2024-01-01 05:09:00,23.951097348367302,51.09891747072425
2024-01-01 05:10:00,23.952998049063755,51.07760910222925
2024-01-01 05:11:00,23.954861515796736,51.056280189086
2024-01-01 05:12:00,23.9566877130392,51.03493113793085
2024-01-01 05:13:00,23.958476605974653,51.013562355784046
2024-01-01 05:14:00,23.960228160497792,50.99217425004205
2024-01-01 05:15:00,23.961942343215185,50.9707672284697
2024-01-01 05:16:00,23.963619121445884,50.94934169919246
2024-01-01 05:17:00,23.965258463222067,50.92789807068868
2024-01-01 05:18:00,23.966860337289635,50.906436751781726
2024-01-01 05:19:00,23.968424713108817,50.88495815163227
2024-01-01 05:20:00,23.969951560854742,50.86346267973043
2024-01-01 05:21:00,23.971440851418013,50.84195074588799
2024-01-01 05:22:00,23.972892556405263,50.820422760230585
2024-01-01 05:23:00,23.9743066481397,50.79887913318987
2024-01-01 05:24:00,23.975683099661612,50.77732027549572
2024-01-01 05:25:00,23.977021884728927,50.75574659816836
2024-01-01 05:26:00,23.97832297781766,50.73415851251056
2024-01-01 05:27:00,23.979586354122432,50.712556430099795
2024-01-01 05:28:00,23.980811989556948,50.690940762780386
2024-01-01 05:29:00,23.981999860754424,50.669311922655645
2024-01-01 05:30:00,23.983149945068067,50.64767032208002
2024-01-01 05:31:00,23.984262220571487,50.62601637365124
2024-01-01 05:32:00,23.985336666059116,50.60435049020246
2024-01-01 05:33:00,23.986373261046623,50.58267308479436
2024-01-01 05:34:00,23.987371985771293,50.560984570707284
2024-01-01 05:35:00,23.988332821192415,50.539285361433386
2024-01-01 05:36:00,23.989255748991628,50.5175758706687
2024-01-01 05:37:00,23.990140751573293,50.49585651230529
2024-01-01 05:38:00,23.990987812064805,50.47412770042334
2024-01-01 05:39:00,23.991796914316936,50.452389849283264
2024-01-01 05:40:00,23.99256804290413,50.43064337331782
2024-01-01 05:41:00,23.993301183124792,50.40888868712419
2024-01-01 05:42:00,23.99399632100159,50.387126205456084
2024-01-01 05:43:00,23.994653443281692,50.36535634321584
2024-01-01 05:44:00,23.99527253743705,50.34357951544651
2024-01-01 05:45:00,23.995853591664616,50.32179613732391
2024-01-01 05:46:00,23.996396594886573,50.300006624148786
2024-01-01 05:47:00,23.996901536750546,50.27821139133882
2024-01-01 05:48:00,23.997368407629807,50.25641085442075
2024-01-01 05:49:00,23.997797198623452,50.23460542902244
2024-01-01 05:50:00,23.998187901556566,50.21279553086493
2024-01-01 05:51:00,23.998540508980383,50.190981575754556
2024-01-01 05:52:00,23.998855014172438,50.169163979575
2024-01-01 05:53:00,23.999131411136677,50.14734315827936
2024-01-01 05:54:00,23.999369694603587,50.125519527882204
2024-01-01 05:55:00,23.999569860030284,50.10369350445167
2024-01-01 05:56:00,23.99973190360061,50.081865504101515
2024-01-01 05:57:00,23.999855822225197,50.06003594298319
2024-01-01 05:58:00,23.999941613541537,50.03820523727791
2024-01-01 05:59:00,23.999989275914015,50.016373803188685
2024-01-01 06:00:00,23.999998808433944,49.99454205693244
2024-01-01 06:01:00,23.99997021091959,49.972710414732035
2024-01-01 06:02:00,23.99990348391616,49.950879292808345
2024-01-01 06:03:00,23.999798628695814,49.92904910737234
2024-01-01 06:04:00,23.99965564725761,49.90722027461713
2024-01-01 06:05:00,23.999474542327505,49.88539321071003
2024-01-01 06:06:00,23.99925531735826,49.86356833178463
2024-01-01 06:07:00,23.99899797652941,49.84174605393287
2024-01-01 06:08:00,23.99870252474716,49.819926793197105
2024-01-01 06:09:00,23.998368967644314,49.79811096556216
2024-01-01 06:10:00,23.997997311580143,49.77629898694741
2024-01-01 06:11:00,23.99758756364028,49.75449127319885
2024-01-01 06:12:00,23.997139731636587,49.73268824008117
2024-01-01 06:13:00,23.996653824106986,49.7108903032698
2024-01-01 06:14:00,23.996129850315324,49.68909787834304
2024-01-01 06:15:00,23.99556782025117,49.667311380774095
2024-01-01 06:16:00,23.99496774462965,49.64553122592316
2024-01-01 06:17:00,23.99432963489122,49.6237578290295
2024-01-01 06:18:00,23.993653503201458,49.60199160520356
2024-01-01 06:19:00,23.992939362450837,49.580232969419
2024-01-01 06:20:00,23.992187226254472,49.55848233650485
2024-01-01 06:21:00,23.99139710895186,49.536740121137534
2024-01-01 06:22:00,23.990569025606604,49.51500673783301
2024-01-01 06:23:00,23.98970299200614,49.49328260093886
2024-01-01 06:24:00,23.98879902466143,49.47156812462636
2024-01-01 06:25:00,23.98785714080663,49.449863722882625
2024-01-01 06:26:00,23.986877358398786,49.4281698095027
2024-01-01 06:27:00,23.985859696117473,49.406486798081644
2024-01-01 06:28:00,23.984804173364456,49.3848151020067
2024-01-01 06:29:00,23.983710810263304,49.36315513444937
2024-01-01 06:30:00,23.982579627659014,49.341507308357556
2024-01-01 06:31:00,23.98141064711762,49.31987203644768
2024-01-01 06:32:00,23.980203890925765,49.298249731196805
2024-01-01 06:33:00,23.97895938209029,49.276640804834805
2024-01-01 06:34:00,23.977677144337797,49.25504566933648
2024-01-01 06:35:00,23.97635720211418,49.23346473641371
2024-01-01 06:36:00,23.974999580584175,49.21189841750758
2024-01-01 06:37:00,23.97360430563088,49.190347123780576
2024-01-01 06:38:00,23.972171403855242,49.16881126610874
2024-01-01 06:39:00,23.970700902575583,49.1472912550738
2024-01-01 06:40:00,23.96919282982705,49.12578750095539
2024-01-01 06:41:00,23.967647214361094,49.104300413723195
2024-01-01 06:42:00,23.966064085644913,49.082830403029135
2024-01-01 06:43:00,23.964443473860904,49.06137787819958
2024-01-01 06:44:00,23.96278540990608,49.03994324822753
2024-01-01 06:45:00,23.961089925391473,49.01852692176482
2024-01-01 06:46:00,23.959357052641543,48.997129307114314
2024-01-01 06:47:00,23.957586824693564,48.97575081222215
2024-01-01 06:48:00,23.955779275296976,48.95439184466994
2024-01-01 06:49:00,23.953934438912764,48.933052811667025
2024-01-01 06:50:00,23.952052350712783,48.91173412004266
2024-01-01 06:51:00,23.950133046579104,48.89043617623831
2024-01-01 06:52:00,23.948176563103306,48.869159386299884
2024-01-01 06:53:00,23.94618293758581,48.84790415586999
2024-01-01 06:54:00,23.944152208035142,48.826670890180196
2024-01-01 06:55:00,23.942084413167215,48.805459994043325
2024-01-01 06:56:00,23.9399795924046,48.78427187184572
2024-01-01 06:57:00,23.937837785875764,48.76310692753952
2024-01-01 06:58:00,23.93565903441431,48.741965564634995
2024-01-01 06:59:00,23.933443379558195,48.720848186192846
2024-01-01 07:00:00,23.931190863548945,48.699755194816476
2024-01-01 07:01:00,23.92890152933084,48.67868699264438
2024-01-01 07:02:00,23.926575420550105,48.65764398134243
2024-01-01 07:03:00,23.924212581554062,48.63662656209623
2024-01-01 07:04:00,23.921813057390313,48.61563513560348
2024-01-01 07:05:00,23.91937689380585,48.59467010206633
2024-01-01 07:06:00,23.916904137246206,48.57373186118374
2024-01-01 07:07:00,23.914394834854548,48.552820812143864
2024-01-01 07:08:00,23.9118490344708,48.53193735361645
2024-01-01 07:09:00,23.909266784630724,48.51108188374523
2024-01-01 07:10:00,23.90664813456498,48.490254800140335
2024-01-01 07:11:00,23.903993134198206,48.4694564998707
2024-01-01 07:12:00,23.901301834148068,48.448687379456516
2024-01-01 07:13:00,23.89857428572427,48.42794783486166
2024-01-01 07:14:00,23.895810540927602,48.40723826148614
2024-01-01 07:15:00,23.89301065244894,48.38655905415856
2024-01-01 07:16:00,23.890174673668238,48.3659106071286
2024-01-01 07:17:00,23.887302658653507,48.34529331405948
2024-01-01 07:18:00,23.8843946621598,48.32470756802049
2024-01-01 07:19:00,23.881450739628153,48.30415376147947
2024-01-01 07:20:00,23.87847094718453,48.283632286295315
2024-01-01 07:21:00,23.875455341638762,48.26314353371054
2024-01-01 07:22:00,23.87240398048345,48.2426878943438
2024-01-01 07:23:00,23.869316921892885,48.22226575818244
2024-01-01 07:24:00,23.86619422472193,48.20187751457507
2024-01-01 07:25:00,23.863035948504887,48.18152355222413
2024-01-01 07:26:00,23.85984215345439,48.16120425917849
2024-01-01 07:27:00,23.85661290046023,48.140920022826066
2024-01-01 07:28:00,23.853348251088207,48.12067122988638
2024-01-01 07:29:00,23.850048267578956,48.10045826640327
2024-01-01 07:30:00,23.846713012846752,48.080281517737454
2024-01-01 07:31:00,23.843342550478326,48.06014136855921
2024-01-01 07:32:00,23.83993694473164,48.04003820284106
2024-01-01 07:33:00,23.83649626053466,48.01997240385044
2024-01-01 07:34:00,23.83302056348413,47.99994435414237
2024-01-01 07:35:00,23.829509919844316,47.97995443555219
2024-01-01 07:36:00,23.825964396545736,47.96000302918827
2024-01-01 07:37:00,23.822384061183897,47.94009051542474
2024-01-01 07:38:00,23.818768982017986,47.92021727389425
2024-01-01 07:39:00,23.8151192279696,47.90038368348071
2024-01-01 07:40:00,23.811434868621397,47.88059012231208
2024-01-01 07:41:00,23.807715974215796,47.86083696775317
2024-01-01 07:42:00,23.803962615653628,47.841124596398444
2024-01-01 07:43:00,23.800174864492774,47.82145338406482
2024-01-01 07:44:00,23.796352792946823,47.801823705784514
2024-01-01 07:45:00,23.792496473883677,47.782235935797914
2024-01-01 07:46:00,23.78860598082417,47.762690447546404
2024-01-01 07:47:00,23.784681387940655,47.74318761366528
2024-01-01 07:48:00,23.78072277005562,47.723727805976615
2024-01-01 07:49:00,23.776730202640216,47.704311395482215
2024-01-01 07:50:00,23.772703761812863,47.68493875235648
2024-01-01 07:51:00,23.76864352433777,47.66561024593942
2024-01-01 07:52:00,23.764549567623472,47.64632624472955
2024-01-01 07:53:00,23.760421969721378,47.62708711637691
2024-01-01 07:54:00,23.756260809324253,47.60789322767603
2024-01-01 07:55:00,23.75206616576475,47.58874494455894
2024-01-01 07:56:00,23.747838119013856,47.5696426320882
2024-01-01 07:57:00,23.74357674967941,47.55058665444995
2024-01-01 07:58:00,23.739282139004533,47.53157737494695
2024-01-01 07:59:00,23.73495436886611,47.51261515599164
2024-01-01 08:00:00,23.730593521773194,47.49370035909928
2024-01-01 08:01:00,23.726199680865463,47.474833344881
2024-01-01 08:02:00,23.721772929911616,47.45601447303697
2024-01-01 08:03:00,23.717313353307787,47.437244102349524
2024-01-01 08:04:00,23.712821036075933,47.41852259067631
2024-01-01 08:05:00,23.708296063862207,47.39985029494348
2024-01-01 08:06:00,23.70373852293534,47.38122757113888
2024-01-01 08:07:00,23.69914850018497,47.36265477430527
2024-01-01 08:08:00,23.694526083120017,47.34413225853356
2024-01-01 08:09:00,23.689871359866995,47.32566037695604
2024-01-01 08:10:00,23.685184419168333,47.30723948173965
2024-01-01 08:11:00,23.680465350380693,47.288869924079286
2024-01-01 08:12:00,23.675714243473248,47.27055205419109
2024-01-01 08:13:00,23.670931189025996,47.25228622130577
2024-01-01 08:14:00,23.666116278228,47.234072773661964
2024-01-01 08:15:00,23.66126960287567,47.215912058499555
2024-01-01 08:16:00,23.656391255371016,47.1978044220531
2024-01-01 08:17:00,23.65148132871987,47.179750209545205
2024-01-01 08:18:00,23.646539916530124,47.16174976517994
2024-01-01 08:19:00,23.641567113009938,47.1438034321363
2024-01-01 08:20:00,23.636563012965958,47.12591155256163
2024-01-01 08:21:00,23.631527711801493,47.10807446756513
2024-01-01 08:22:00,23.6264613055147,47.090292517211324
2024-01-01 08:23:00,23.62136389069676,47.07256604051361
2024-01-01 08:24:00,23.616235564530037,47.05489537542777
2024-01-01 08:25:00,23.61107642478621,47.037280858845534
2024-01-01 08:26:00,23.605886569824424,47.019722826588165
2024-01-01 08:27:00,23.600666098589418,47.002221613400046
2024-01-01 08:28:00,23.595415110609622,46.98477755294231
2024-01-01 08:29:00,23.590133705995267,46.96739097778646
2024-01-01 08:30:00,23.58482198543649,46.95006221940805
2024-01-01 08:31:00,23.579480050201393,46.932791608180366
2024-01-01 08:32:00,23.57410800213412,46.91557947336808
2024-01-01 08:33:00,23.568705943652922,46.89842614312105
2024-01-01 08:34:00,23.5632739777482,46.881331944467995
2024-01-01 08:35:00,23.557812207980536,46.86429720331031
2024-01-01 08:36:00,23.552320738478727,46.84732224441581
2024-01-01 08:37:00,23.546799673937798,46.83040739141258
2024-01-01 08:38:00,23.541249119616996,46.81355296678276
2024-01-01 08:39:00,23.535669181337806,46.79675929185645
2024-01-01 08:40:00,23.530059965481904,46.78002668680554
2024-01-01 08:41:00,23.52442157898915,46.76335547063762
2024-01-01 08:42:00,23.518754129355543,46.746745961189895
2024-01-01 08:43:00,23.513057724631178,46.730198475123146
2024-01-01 08:44:00,23.507332473418167,46.713713327915656
2024-01-01 08:45:00,23.501578484868592,46.69729083385724
2024-01-01 08:46:00,23.495795868682404,46.6809313060432
2024-01-01 08:47:00,23.489984735105345,46.66463505636841
2024-01-01 08:48:00,23.48414519492685,46.64840239552133
2024-01-01 08:49:00,23.47827735947791,46.63223363297811
2024-01-01 08:50:00,23.47238134062898,46.61612907699666
2024-01-01 08:51:00,23.46645725078783,46.6000890346108
2024-01-01 08:52:00,23.460505202897394,46.58411381162439
2024-01-01 08:53:00,23.45452531043364,46.56820371260552
2024-01-01 08:54:00,23.44851768740339,46.55235904088069
2024-01-01 08:55:00,23.44248244834214,46.536580098529
2024-01-01 08:56:00,23.436419708311902,46.52086718637644
2024-01-01 08:57:00,23.430329582898988,46.50522060399014
2024-01-01 08:58:00,23.424212188211808,46.48964064967262
2024-01-01 08:59:00,23.418067640878668,46.47412762045617
2024-01-01 09:00:00,23.411896058045535,46.458681812097126
2024-01-01 09:01:00,23.40569755737382,46.44330351907026
2024-01-01 09:02:00,23.399472257038106,46.42799303456318
2024-01-01 09:03:00,23.393220275723927,46.4127506504707
2024-01-01 09:04:00,23.386941732625484,46.39757665738931
2024-01-01 09:05:00,23.380636747443376,46.382471344611616
2024-01-01 09:06:00,23.37430544038233,46.36743500012084
2024-01-01 09:07:00,23.367947932148894,46.352467910585325
2024-01-01 09:08:00,23.361564343949144,46.33757036135305
2024-01-01 09:09:00,23.35515479748637,46.32274263644622
2024-01-01 09:10:00,23.348719414958758,46.30798501855583
2024-01-01 09:11:00,23.34225831905706,46.293297789036295
2024-01-01 09:12:00,23.335771632962253,46.27868122790005
2024-01-01 09:13:00,23.329259480343193,46.26413561381226
2024-01-01 09:14:00,23.322721985354256,46.24966122408547
2024-01-01 09:15:00,23.31615927263297,46.23525833467433
2024-01-01 09:16:00,23.309571467297637,46.22092722017034
2024-01-01 09:17:00,23.302958694944955,46.2066681537966
2024-01-01 09:18:00,23.29632108164762,46.192481407402624
2024-01-01 09:19:00,23.289658753951915,46.178367251459136
2024-01-01 09:20:00,23.28297183887531,46.164325955052924
2024-01-01 09:21:00,23.27626046390403,46.150357785881695
2024-01-01 09:22:00,23.26952475699063,46.136463010248995
2024-01-01 09:23:00,23.26276484655156,46.122641893059125
2024-01-01 09:24:00,23.255980861464696,46.10889469781207
2024-01-01 09:25:00,23.249172931066912,46.09522168659851
2024-01-01 09:26:00,23.242341185151595,46.081623120094775
2024-01-01 09:27:00,23.235485753966174,46.06809925755793
2024-01-01 09:28:00,23.22860676820964,46.054650356820815
2024-01-01 09:29:00,23.221704359030056,46.04127667428709
2024-01-01 09:30:00,23.21477865802205,46.0279784649264
2024-01-01 09:31:00,23.2078297972243,46.01475598226948
2024-01-01 09:32:00,23.200857909117044,46.00160947840334
2024-01-01 09:33:00,23.193863126619522,45.988539203966454
2024-01-01 09:34:00,23.186845583087468,45.97554540814398
2024-01-01 09:35:00,23.179805412310547,45.962628338662995
2024-01-01 09:36:00,23.172742748509812,45.94978824178781
2024-01-01 09:37:00,23.16565772633515,45.937025362315225
2024-01-01 09:38:00,23.15855048086272,45.924339943569905
2024-01-01 09:39:00,23.151421147592348,45.911732227399725
2024-01-01 09:40:00,23.14426986244498,45.89920245417115
2024-01-01 09:41:00,23.137096761760073,45.886750862764664
2024-01-01 09:42:00,23.129901982292992,45.87437769057021
2024-01-01 09:43:00,23.122685661212415,45.862083173482674
2024-01-01 09:44:00,23.115447936097713,45.84986754589737
2024-01-01 09:45:00,23.108188944936316,45.83773104070558
2024-01-01 09:46:00,23.1009088261211,45.82567388929014
2024-01-01 09:47:00,23.093607718447736,45.813696321520965
2024-01-01 09:48:00,23.086285761112048,45.80179856575073
2024-01-01 09:49:00,23.078943093707366,45.7899808488105
2024-01-01 09:50:00,23.071579856221852,45.77824339600538
2024-01-01 09:51:00,23.06419618903584,45.766586431110234
2024-01-01 09:52:00,23.05679223291915,45.75501017636544
2024-01-01 09:53:00,23.04936812902842,45.74351485247262
2024-01-01 09:54:00,23.041924018904403,45.73210067859045
2024-01-01 09:55:00,23.03446004446927,45.720767872330484
2024-01-01 09:56:00,23.026976348023904,45.70951664975299
2024-01-01 09:57:00,23.019473072245194,45.69834722536286
2024-01-01 09:58:00,23.011950360183306,45.68725981210548
2024-01-01 09:59:00,23.00440835525896,45.676254621362695
2024-01-01 10:00:00,22.996847201260692,45.66533186294879
2024-01-01 10:01:00,22.98926704234212,45.654491745106455
2024-01-01 10:02:00,22.981668023019193,45.64373447450286
2024-01-01 10:03:00,22.97405028816743,45.633060256225654
2024-01-01 10:04:00,22.96641398301916,45.62246929377913
2024-01-01 10:05:00,22.958759253160757,45.6119617890803
2024-01-01 10:06:00,22.95108624452987,45.60153794245501
2024-01-01 10:07:00,22.943395103412623,45.59119795263421
2024-01-01 10:08:00,22.93568597644084,45.5809420167501
2024-01-01 10:09:00,22.92795901058925,45.57077033033239
2024-01-01 10:10:00,22.92021435317268,45.56068308730457
2024-01-01 10:11:00,22.912452151843233,45.550680479980215
2024-01-01 10:12:00,22.904672554587506,45.540762699059314
2024-01-01 10:13:00,22.89687570972374,45.53092993362466
2024-01-01 10:14:00,22.88906176589901,45.52118237113819
2024-01-01 10:15:00,22.881230872086373,45.51152019743746
2024-01-01 10:16:00,22.873383177582042,45.501943596732104
2024-01-01 10:17:00,22.86551883200254,45.49245275160027
2024-01-01 10:18:00,22.857637985281837,45.483047842985194
2024-01-01 10:19:00,22.8497407876685,45.473729050191736
2024-01-01 10:20:00,22.84182738972283,45.464496550882934
2024-01-01 10:21:00,22.83389794231398,45.45535052107666
2024-01-01 10:22:00,22.825952596617093,45.446291135142225
2024-01-01 10:23:00,22.81799150411041,45.437318565797085
2024-01-01 10:24:00,22.810014816572387,45.42843298410354
2024-01-01 10:25:00,22.8020226860788,45.419634559465436
2024-01-01 10:26:00,22.794015264999846,45.410923459625
2024-01-01 10:27:00,22.785992705997234,45.40229985065961
2024-01-01 10:28:00,22.777955162021282,45.3937638969786
2024-01-01 10:29:00,22.76990278630799,45.38531576132018
2024-01-01 10:30:00,22.761835732376138,45.37695560474829
2024-01-01 10:31:00,22.75375415402433,45.36868358664957
2024-01-01 10:32:00,22.7456582053281,45.36049986473025
2024-01-01 10:33:00,22.737548040636927,45.35240459501325
2024-01-01 10:34:00,22.72942381457134,45.344397931835104
2024-01-01 10:35:00,22.72128568201994,45.33648002784308
2024-01-01 10:36:00,22.71313379813645,45.328651033992244
2024-01-01 10:37:00,22.70496831833678,45.32091109954258
2024-01-01 10:38:00,22.696789398296023,45.31326037205616
2024-01-01 10:39:00,22.688597193945533,45.30569899739433
2024-01-01 10:40:00,22.68039186146991,45.2982271197149
2024-01-01 10:41:00,22.67217355730406,45.29084488146945
2024-01-01 10:42:00,22.66394243813018,45.283552423400536
2024-01-01 10:43:00,22.655698660874798,45.2763498845391
2024-01-01 10:44:00,22.647442382705755,45.269237402201746
2024-01-01 10:45:00,22.63917376102923,45.262215111988155
2024-01-01 10:46:00,22.63089295348674,45.255283147778485
2024-01-01 10:47:00,22.622600117952107,45.24844164173083
2024-01-01 10:48:00,22.61429541252848,45.2416907242787
2024-01-01 10:49:00,22.605978995545307,45.235030524128526
2024-01-01 10:50:00,22.59765102555531,45.22846116825722
2024-01-01 10:51:00,22.58931166133148,45.22198278190973
2024-01-01 10:52:00,22.58096106186403,45.21559548859669
2024-01-01 10:53:00,22.57259938635738,45.209299410092015
2024-01-01 10:54:00,22.564226794227103,45.20309466643063
2024-01-01 10:55:00,22.555843445096915,45.19698137590614
2024-01-01 10:56:00,22.547449498795608,45.19095965506862
2024-01-01 10:57:00,22.539045115354,45.18502961872233
2024-01-01 10:58:00,22.530630455001905,45.1791913799236
2024-01-01 10:59:00,22.52220567816506,45.1734450499786
2024-01-01 11:00:00,22.51377094546208,45.1677907384413
2024-01-01 11:01:00,22.505326417701383,45.16222855311128
2024-01-01 11:02:00,22.496872255878127,45.15675860003178
2024-01-01 11:03:00,22.488408621171153,45.15138098348761
2024-01-01 11:04:00,22.4799356749399,45.14609580600318
2024-01-01 11:05:00,22.47145357872132,45.14090316834055
2024-01-01 11:06:00,22.462962494226826,45.13580316949751
2024-01-01 11:07:00,22.454462583339183,45.13079590670567
2024-01-01 11:08:00,22.44595400810944,45.125881475428656
2024-01-01 11:09:00,22.43743693075382,45.121059969360225
2024-01-01 11:10:00,22.428911513650647,45.11633148042254
2024-01-01 11:11:00,22.42037791933724,45.11169609876436
2024-01-01 11:12:00,22.411836310506825,45.10715391275939
2024-01-01 11:13:00,22.403286850005408,45.10270500900452
2024-01-01 11:14:00,22.3947297008287,45.098349472318226
2024-01-01 11:15:00,22.386165026119002,45.09408738573895
2024-01-01 11:16:00,22.37759298916207,45.08991883052349
2024-01-01 11:17:00,22.369013753384042,45.08584388614547
2024-01-01 11:18:00,22.360427482348285,45.08186263029381
2024-01-01 11:19:00,22.351834339752305,45.07797513887129
2024-01-01 11:20:00,22.34323448942461,45.07418148599302
2024-01-01 11:21:00,22.33462809532159,45.07048174398511
2024-01-01 11:22:00,22.326015321524398,45.066875983383255
2024-01-01 11:23:00,22.31739633223581,45.06336427293138
2024-01-01 11:24:00,22.3087712917771,45.059946679580335
2024-01-01 11:25:00,22.30014036458491,45.05662326848664
2024-01-01 11:26:00,22.291503715208115,45.05339410301122
2024-01-01 11:27:00,22.282861508304684,45.05025924471821
2024-01-01 11:28:00,22.274213908638536,45.047218753373784
2024-01-01 11:29:00,22.265561081076402,45.04427268694498
2024-01-01 11:30:00,22.25690319058469,45.04142110159864
2024-01-01 11:31:00,22.248240402226326,45.03866405170032
2024-01-01 11:32:00,22.23957288115762,45.03600158981326
2024-01-01 11:33:00,22.230900792625107,45.03343376669737
2024-01-01 11:34:00,22.2222243019624,45.030960631308275
2024-01-01 11:35:00,22.213543574587042,45.02858223079636
2024-01-01 11:36:00,22.20485877599735,45.02629861050591
2024-01-01 11:37:00,22.196170071769256,45.024109813974206
2024-01-01 11:38:00,22.18747762755315,45.02201588293072
2024-01-01 11:39:00,22.178781609070732,45.020016857296305
2024-01-01 11:40:00,22.17008218211184,45.01811277518243
2024-01-01 11:41:00,22.1613795125313,45.0163036728905
2024-01-01 11:42:00,22.152673766245755,45.01458958491108
2024-01-01 11:43:00,22.143965109230507,45.01297054392331
2024-01-01 11:44:00,22.135253707516345,45.011446580794264
2024-01-01 11:45:00,22.126539727186394,45.010017724578326
2024-01-01 11:46:00,22.11782333437294,45.008684002516695
2024-01-01 11:47:00,22.109104695254256,45.00744544003681
2024-01-01 11:48:00,22.10038397605145,45.006302060751906
2024-01-01 11:49:00,22.091661343025276,45.005253886460544
2024-01-01 11:50:00,22.08293696247299,45.00430093714618
2024-01-01 11:51:00,22.074211000725146,45.00344323097685
2024-01-01 11:52:00,22.06548362414246,45.002680784304715
2024-01-01 11:53:00,22.056754999112613,45.002013611665866
2024-01-01 11:54:00,22.04802529204709,45.001441725779955
2024-01-01 11:55:00,22.039294669378005,45.000965137550004
2024-01-01 11:56:00,22.030563297554927,45.000583856062185
2024-01-01 11:57:00,22.021831343041715,45.00029788858564
2024-01-01 11:58:00,22.013098972313323,45.00010724057235
2024-01-01 11:59:00,22.00436635185265,45.00001191565701
2024-01-01 12:00:00,21.99563364814735,45.00001191565701
2024-01-01 12:01:00,21.98690102768668,45.00010724057235
2024-01-01 12:02:00,21.97816865695829,45.00029788858564
2024-01-01 12:03:00,21.969436702445073,45.000583856062185
2024-01-01 12:04:00,21.960705330621995,45.000965137550004
2024-01-01 12:05:00,21.95197470795291,45.001441725779955
2024-01-01 12:06:00,21.943245000887387,45.002013611665866
2024-01-01 12:07:00,21.93451637585754,45.002680784304715
2024-01-01 12:08:00,21.925788999274854,45.00344323097685
2024-01-01 12:09:00,21.91706303752701,45.00430093714618
2024-01-01 12:10:00,21.908338656974724,45.005253886460544
2024-01-01 12:11:00,21.89961602394855,45.006302060751906
2024-01-01 12:12:00,21.890895304745744,45.00744544003681
2024-01-01 12:13:00,21.88217666562706,45.008684002516695
2024-01-01 12:14:00,21.873460272813606,45.010017724578326
2024-01-01 12:15:00,21.864746292483655,45.011446580794264
2024-01-01 12:16:00,21.856034890769493,45.01297054392331
2024-01-01 12:17:00,21.847326233754245,45.01458958491108
2024-01-01 12:18:00,21.8386204874687,45.0163036728905
2024-01-01 12:19:00,21.82991781788816,45.01811277518243
2024-01-01 12:20:00,21.821218390929268,45.0200168572963
2024-01-01 12:21:00,21.81252237244685,45.02201588293072
2024-01-01 12:22:00,21.803829928230748,45.024109813974206
2024-01-01 12:23:00,21.795141224002652,45.02629861050591
2024-01-01 12:24:00,21.786456425412958,45.02858223079636
2024-01-01 12:25:00,21.7777756980376,45.030960631308275
2024-01-01 12:26:00,21.769099207374893,45.03343376669737
2024-01-01 12:27:00,21.76042711884238,45.03600158981326
2024-01-01 12:28:00,21.751759597773674,45.038664051700316
2024-01-01 12:29:00,21.74309680941531,45.04142110159864
2024-01-01 12:30:00,21.734438918923598,45.04427268694498
2024-01-01 12:31:00,21.725786091361464,45.047218753373784
2024-01-01 12:32:00,21.717138491695316,45.05025924471821
2024-01-01 12:33:00,21.708496284791885,45.05339410301122
2024-01-01 12:34:00,21.69985963541509,45.05662326848664
2024-01-01 12:35:00,21.6912287082229,45.059946679580335
2024-01-01 12:36:00,21.68260366776419,45.06336427293138
2024-01-01 12:37:00,21.673984678475602,45.066875983383255
2024-01-01 12:38:00,21.66537190467841,45.07048174398511
2024-01-01 12:39:00,21.65676551057539,45.07418148599302
2024-01-01 12:40:00,21.648165660247695,45.07797513887129
2024-01-01 12:41:00,21.639572517651718,45.08186263029381
2024-01-01 12:42:00,21.63098624661596,45.08584388614547
2024-01-01 12:43:00,21.62240701083793,45.08991883052349
2024-01-01 12:44:00,21.613834973880998,45.09408738573895
2024-01-01 12:45:00,21.6052702991713,45.098349472318226
2024-01-01 12:46:00,21.596713149994592,45.10270500900452
2024-01-01 12:47:00,21.588163689493175,45.10715391275939
2024-01-01 12:48:00,21.57962208066276,45.11169609876436
2024-01-01 12:49:00,21.571088486349353,45.11633148042254
2024-01-01 12:50:00,21.56256306924618,45.121059969360225
2024-01-01 12:51:00,21.55404599189056,45.125881475428656
2024-01-01 12:52:00,21.545537416660817,45.13079590670567
2024-01-01 12:53:00,21.537037505773174,45.13580316949751
2024-01-01 12:54:00,21.528546421278683,45.14090316834055
2024-01-01 12:55:00,21.5200643250601,45.14609580600318
2024-01-01 12:56:00,21.511591378828847,45.15138098348761
2024-01-01 12:57:00,21.503127744121873,45.15675860003178
2024-01-01 12:58:00,21.494673582298617,45.16222855311128
2024-01-01 12:59:00,21.48622905453792,45.16779073844129
2024-01-01 13:00:00,21.47779432183494,45.1734450499786
2024-01-01 13:01:00,21.469369544998095,45.179191379923594
2024-01-01 13:02:00,21.460954884646,45.18502961872233
2024-01-01 13:03:00,21.452550501204392,45.19095965506862
2024-01-01 13:04:00,21.444156554903085,45.19698137590614
2024-01-01 13:05:00,21.435773205772897,45.20309466643063
2024-01-01 13:06:00,21.427400613642625,45.209299410092015
2024-01-01 13:07:00,21.41903893813597,45.21559548859669
2024-01-01 13:08:00,21.41068833866852,45.22198278190973
2024-01-01 13:09:00,21.40234897444469,45.22846116825722
2024-01-01 13:10:00,21.394021004454693,45.235030524128526
2024-01-01 13:11:00,21.385704587471523,45.2416907242787
2024-01-01 13:12:00,21.377399882047897,45.24844164173083
2024-01-01 13:13:00,21.36910704651326,45.255283147778485
2024-01-01 13:14:00,21.36082623897077,45.262215111988155
2024-01-01 13:15:00,21.35255761729425,45.269237402201746
2024-01-01 13:16:00,21.344301339125206,45.2763498845391
2024-01-01 13:17:00,21.33605756186982,45.283552423400536
2024-01-01 13:18:00,21.32782644269594,45.29084488146945
2024-01-01 13:19:00,21.31960813853009,45.2982271197149
2024-01-01 13:20:00,21.311402806054467,45.30569899739433
2024-01-01 13:21:00,21.303210601703977,45.31326037205616
2024-01-01 13:22:00,21.29503168166322,45.32091109954258
2024-01-01 13:23:00,21.28686620186355,45.328651033992244
2024-01-01 13:24:00,21.278714317980064,45.33648002784308
2024-01-01 13:25:00,21.270576185428663,45.344397931835104
2024-01-01 13:26:00,21.262451959363073,45.35240459501325
2024-01-01 13:27:00,21.254341794671905,45.36049986473025
2024-01-01 13:28:00,21.24624584597567,45.36868358664956
2024-01-01 13:29:00,21.238164267623866,45.37695560474829
2024-01-01 13:30:00,21.23009721369201,45.38531576132018
2024-01-01 13:31:00,21.222044837978718,45.3937638969786
2024-01-01 13:32:00,21.214007294002766,45.40229985065961
2024-01-01 13:33:00,21.205984735000154,45.410923459625
2024-01-01 13:34:00,21.1979773139212,45.419634559465436
2024-01-01 13:35:00,21.189985183427613,45.42843298410354
2024-01-01 13:36:00,21.18200849588959,45.437318565797085
2024-01-01 13:37:00,21.174047403382907,45.446291135142225
2024-01-01 13:38:00,21.16610205768602,45.45535052107666
2024-01-01 13:39:00,21.158172610277173,45.464496550882934
2024-01-01 13:40:00,21.1502592123315,45.473729050191736
2024-01-01 13:41:00,21.142362014718163,45.483047842985194
2024-01-01 13:42:00,21.13448116799746,45.49245275160027
2024-01-01 13:43:00,21.126616822417958,45.501943596732104
2024-01-01 13:44:00,21.118769127913627,45.51152019743746
2024-01-01 13:45:00,21.110938234100992,45.52118237113819
2024-01-01 13:46:00,21.10312429027626,45.53092993362466
2024-01-01 13:47:00,21.095327445412494,45.540762699059314
2024-01-01 13:48:00,21.08754784815677,45.550680479980215
2024-01-01 13:49:00,21.07978564682732,45.56068308730457
2024-01-01 13:50:00,21.07204098941075,45.57077033033239
2024-01-01 13:51:00,21.06431402355916,45.5809420167501
2024-01-01 13:52:00,21.056604896587377,45.59119795263421
2024-01-01 13:53:00,21.04891375547013,45.60153794245501
2024-01-01 13:54:00,21.041240746839243,45.6119617890803
2024-01-01 13:55:00,21.03358601698084,45.62246929377913
2024-01-01 13:56:00,21.02594971183257,45.633060256225654
2024-01-01 13:57:00,21.018331976980807,45.64373447450286
2024-01-01 13:58:00,21.01073295765788,45.654491745106455
2024-01-01 13:59:00,21.003152798739308,45.66533186294879
2024-01-01 14:00:00,20.99559164474104,45.676254621362695
2024-01-01 14:01:00,20.988049639816694,45.68725981210548
2024-01-01 14:02:00,20.980526927754806,45.69834722536286
2024-01-01 14:03:00,20.973023651976096,45.70951664975299
2024-01-01 14:04:00,20.96553995553073,45.720767872330484
2024-01-01 14:05:00,20.958075981095597,45.73210067859045
2024-01-01 14:06:00,20.95063187097158,45.743514852472615
2024-01-01 14:07:00,20.94320776708085,45.75501017636544
2024-01-01 14:08:00,20.93580381096416,45.766586431110234
2024-01-01 14:09:00,20.928420143778148,45.77824339600538
2024-01-01 14:10:00,20.921056906292634,45.7899808488105
2024-01-01 14:11:00,20.913714238887952,45.80179856575073
2024-01-01 14:12:00,20.906392281552268,45.81369632152096
2024-01-01 14:13:00,20.8990911738789,45.82567388929014
2024-01-01 14:14:00,20.891811055063684,45.83773104070558
2024-01-01 14:15:00,20.884552063902287,45.84986754589737
2024-01-01 14:16:00,20.877314338787585,45.862083173482674
2024-01-01 14:17:00,20.870098017707008,45.87437769057021
2024-01-01 14:18:00,20.86290323823993,45.886750862764664
2024-01-01 14:19:00,20.85573013755502,45.899202454171146
2024-01-01 14:20:00,20.848578852407652,45.911732227399725
2024-01-01 14:21:00,20.84144951913728,45.924339943569905
2024-01-01 14:22:00,20.83434227366485,45.93702536231522
2024-01-01 14:23:00,20.827257251490188,45.9497882417878
2024-01-01 14:24:00,20.820194587689453,45.962628338662995
2024-01-01 14:25:00,20.813154416912532,45.97554540814397
2024-01-01 14:26:00,20.806136873380478,45.988539203966454
2024-01-01 14:27:00,20.799142090882956,46.00160947840334
2024-01-01 14:28:00,20.7921702027757,46.01475598226948
2024-01-01 14:29:00,20.785221341977955,46.02797846492639
2024-01-01 14:30:00,20.778295640969944,46.04127667428709
2024-01-01 14:31:00,20.77139323179036,46.054650356820815
2024-01-01 14:32:00,20.764514246033826,46.06809925755793
2024-01-01 14:33:00,20.757658814848405,46.081623120094775
2024-01-01 14:34:00,20.750827068933088,46.09522168659851
2024-01-01 14:35:00,20.744019138535304,46.10889469781207
2024-01-01 14:36:00,20.73723515344844,46.122641893059125
2024-01-01 14:37:00,20.73047524300937,46.136463010248995
2024-01-01 14:38:00,20.72373953609597,46.150357785881695
2024-01-01 14:39:00,20.71702816112469,46.164325955052924
2024-01-01 14:40:00,20.710341246048085,46.178367251459136
2024-01-01 14:41:00,20.70367891835238,46.192481407402624
2024-01-01 14:42:00,20.697041305055045,46.2066681537966
2024-01-01 14:43:00,20.690428532702366,46.22092722017034
2024-01-01 14:44:00,20.683840727367034,46.23525833467433
2024-01-01 14:45:00,20.677278014645744,46.24966122408547
2024-01-01 14:46:00,20.670740519656807,46.26413561381226
2024-01-01 14:47:00,20.664228367037747,46.27868122790005
2024-01-01 14:48:00,20.65774168094294,46.293297789036295
2024-01-01 14:49:00,20.651280585041242,46.30798501855583
2024-01-01 14:50:00,20.64484520251363,46.32274263644622
2024-01-01 14:51:00,20.638435656050856,46.33757036135305
2024-01-01 14:52:00,20.632052067851106,46.352467910585325
2024-01-01 14:53:00,20.62569455961767,46.36743500012084
2024-01-01 14:54:00,20.619363252556624,46.382471344611616
2024-01-01 14:55:00,20.613058267374516,46.39757665738931
2024-01-01 14:56:00,20.606779724276073,46.4127506504707
2024-01-01 14:57:00,20.600527742961894,46.42799303456318
2024-01-01 14:58:00,20.59430244262618,46.44330351907026
2024-01-01 14:59:00,20.588103941954465,46.45868181209712
2024-01-01 15:00:00,20.581932359121335,46.474127620456166
2024-01-01 15:01:00,20.575787811788192,46.48964064967262
2024-01-01 15:02:00,20.569670417101012,46.50522060399014
2024-01-01 15:03:00,20.563580291688098,46.52086718637644
2024-01-01 15:04:00,20.55751755165786,46.536580098529
2024-01-01 15:05:00,20.55148231259661,46.55235904088069
2024-01-01 15:06:00,20.54547468956636,46.56820371260552
2024-01-01 15:07:00,20.539494797102606,46.58411381162439
2024-01-01 15:08:00,20.53354274921217,46.6000890346108
2024-01-01 15:09:00,20.52761865937102,46.61612907699666
2024-01-01 15:10:00,20.52172264052209,46.63223363297811
2024-01-01 15:11:00,20.51585480507315,46.64840239552133
2024-01-01 15:12:00,20.510015264894655,46.66463505636841
2024-01-01 15:13:00,20.504204131317596,46.6809313060432
2024-01-01 15:14:00,20.49842151513141,46.69729083385724
2024-01-01 15:15:00,20.492667526581833,46.713713327915656
2024-01-01 15:16:00,20.486942275368822,46.73019847512314
2024-01-01 15:17:00,20.481245870644454,46.746745961189895
2024-01-01 15:18:00,20.47557842101085,46.76335547063761
2024-01-01 15:19:00,20.4699400345181,46.78002668680554
2024-01-01 15:20:00,20.464330818662194,46.796759291856446
2024-01-01 15:21:00,20.458750880383004,46.81355296678276
2024-01-01 15:22:00,20.453200326062202,46.83040739141258
2024-01-01 15:23:00,20.447679261521273,46.84732224441581
2024-01-01 15:24:00,20.442187792019464,46.86429720331031
2024-01-01 15:25:00,20.4367260222518,46.881331944467995
2024-01-01 15:26:00,20.431294056347078,46.89842614312105
2024-01-01 15:27:00,20.425891997865882,46.91557947336808
2024-01-01 15:28:00,20.420519949798607,46.932791608180366
2024-01-01 15:29:00,20.41517801456351,46.95006221940806
2024-01-01 15:30:00,20.409866294004733,46.96739097778646
2024-01-01 15:31:00,20.404584889390378,46.984777552942305
2024-01-01 15:32:00,20.399333901410582,47.00222161340004
2024-01-01 15:33:00,20.394113430175576,47.019722826588165
2024-01-01 15:34:00,20.38892357521379,47.037280858845534
2024-01-01 15:35:00,20.383764435469967,47.05489537542777
2024-01-01 15:36:00,20.37863610930324,47.072566040513614
2024-01-01 15:37:00,20.3735386944853,47.090292517211324
2024-01-01 15:38:00,20.36847228819851,47.10807446756513
2024-01-01 15:39:00,20.363436987034042,47.12591155256163
2024-01-01 15:40:00,20.358432886990062,47.1438034321363
2024-01-01 15:41:00,20.353460083469876,47.16174976517995
2024-01-01 15:42:00,20.34851867128013,47.179750209545205
2024-01-01 15:43:00,20.343608744628984,47.1978044220531
2024-01-01 15:44:00,20.33873039712433,47.215912058499555
2024-01-01 15:45:00,20.333883721772,47.234072773661964
2024-01-01 15:46:00,20.329068810974004,47.25228622130577
2024-01-01 15:47:00,20.324285756526752,47.270552054191086
2024-01-01 15:48:00,20.319534649619307,47.288869924079286
2024-01-01 15:49:00,20.314815580831667,47.30723948173964
2024-01-01 15:50:00,20.310128640133005,47.32566037695604
2024-01-01 15:51:00,20.305473916879983,47.344132258533556
2024-01-01 15:52:00,20.30085149981503,47.36265477430527
2024-01-01 15:53:00,20.29626147706466,47.38122757113888
2024-01-01 15:54:00,20.291703936137793,47.39985029494348
2024-01-01 15:55:00,20.287178963924067,47.41852259067631
2024-01-01 15:56:00,20.282686646692213,47.437244102349524
2024-01-01 15:57:00,20.278227070088384,47.45601447303697
2024-01-01 15:58:00,20.273800319134537,47.474833344881
2024-01-01 15:59:00,20.269406478226806,47.49370035909928
2024-01-01 16:00:00,20.26504563113389,47.51261515599164
2024-01-01 16:01:00,20.260717860995467,47.53157737494694
2024-01-01 16:02:00,20.25642325032059,47.55058665444995
2024-01-01 16:03:00,20.252161880986144,47.5696426320882
2024-01-01 16:04:00,20.24793383423525,47.58874494455893
2024-01-01 16:05:00,20.243739190675747,47.60789322767603
2024-01-01 16:06:00,20.239578030278626,47.62708711637691
2024-01-01 16:07:00,20.235450432376528,47.64632624472955
2024-01-01 16:08:00,20.231356475662235,47.66561024593942
2024-01-01 16:09:00,20.227296238187137,47.68493875235648
2024-01-01 16:10:00,20.223269797359784,47.704311395482215
2024-01-01 16:11:00,20.21927722994438,47.723727805976615
2024-01-01 16:12:00,20.21531861205934,47.74318761366528
2024-01-01 16:13:00,20.211394019175835,47.762690447546404
2024-01-01 16:14:00,20.207503526116323,47.782235935797914
2024-01-01 16:15:00,20.203647207053177,47.801823705784514
2024-01-01 16:16:00,20.199825135507226,47.82145338406482
2024-01-01 16:17:00,20.196037384346372,47.841124596398444
2024-01-01 16:18:00,20.192284025784204,47.86083696775317
2024-01-01 16:19:00,20.188565131378603,47.88059012231208
2024-01-01 16:20:00,20.1848807720304,47.900383683480705
2024-01-01 16:21:00,20.181231017982014,47.92021727389425
2024-01-01 16:22:00,20.177615938816103,47.94009051542475
2024-01-01 16:23:00,20.174035603454264,47.96000302918827
2024-01-01 16:24:00,20.170490080155684,47.97995443555219
2024-01-01 16:25:00,20.16697943651587,47.999944354142364
2024-01-01 16:26:00,20.16350373946534,48.01997240385044
2024-01-01 16:27:00,20.16006305526836,48.04003820284106
2024-01-01 16:28:00,20.156657449521674,48.06014136855921
2024-01-01 16:29:00,20.153286987153248,48.080281517737454
2024-01-01 16:30:00,20.149951732421044,48.10045826640327
2024-01-01 16:31:00,20.146651748911793,48.12067122988638
2024-01-01 16:32:00,20.14338709953977,48.14092002282606
2024-01-01 16:33:00,20.14015784654561,48.16120425917849
2024-01-01 16:34:00,20.13696405149511,48.18152355222413
2024-01-01 16:35:00,20.13380577527807,48.20187751457507
2024-01-01 16:36:00,20.130683078107115,48.22226575818244
2024-01-01 16:37:00,20.12759601951655,48.2426878943438
2024-01-01 16:38:00,20.124544658361238,48.26314353371054
2024-01-01 16:39:00,20.12152905281547,48.283632286295315
2024-01-01 16:40:00,20.118549260371847,48.30415376147947
2024-01-01 16:41:00,20.1156053378402,48.32470756802049
2024-01-01 16:42:00,20.112697341346493,48.345293314059475
2024-01-01 16:43:00,20.109825326331762,48.3659106071286
2024-01-01 16:44:00,20.10698934755106,48.38655905415855
2024-01-01 16:45:00,20.104189459072398,48.40723826148614
2024-01-01 16:46:00,20.10142571427573,48.42794783486166
2024-01-01 16:47:00,20.098698165851932,48.448687379456516
2024-01-01 16:48:00,20.096006865801794,48.4694564998707
2024-01-01 16:49:00,20.09335186543502,48.49025480014033
2024-01-01 16:50:00,20.09073321536928,48.51108188374523
2024-01-01 16:51:00,20.0881509655292,48.53193735361644
2024-01-01 16:52:00,20.085605165145452,48.552820812143864
2024-01-01 16:53:00,20.083095862753794,48.57373186118374
2024-01-01 16:54:00,20.08062310619415,48.59467010206633
2024-01-01 16:55:00,20.078186942609687,48.61563513560348
2024-01-01 16:56:00,20.075787418445938,48.636626562096225
2024-01-01 16:57:00,20.073424579449895,48.657643981342424
2024-01-01 16:58:00,20.07109847066916,48.67868699264438
2024-01-01 16:59:00,20.068809136451055,48.699755194816476
2024-01-01 17:00:00,20.066556620441805,48.720848186192846
2024-01-01 17:01:00,20.06434096558569,48.741965564634995
2024-01-01 17:02:00,20.062162214124236,48.76310692753952
2024-01-01 17:03:00,20.060020407595403,48.78427187184571
2024-01-01 17:04:00,20.057915586832785,48.805459994043325
2024-01-01 17:05:00,20.055847791964858,48.826670890180196
2024-01-01 17:06:00,20.05381706241419,48.84790415586998
2024-01-01 17:07:00,20.051823436896694,48.869159386299884
2024-01-01 17:08:00,20.049866953420896,48.8904361762383
2024-01-01 17:09:00,20.047947649287217,48.91173412004265
2024-01-01 17:10:00,20.046065561087236,48.93305281166702
2024-01-01 17:11:00,20.044220724703024,48.95439184466994
2024-01-01 17:12:00,20.042413175306436,48.97575081222215
2024-01-01 17:13:00,20.040642947358457,48.99712930711431
2024-01-01 17:14:00,20.038910074608527,49.01852692176482
2024-01-01 17:15:00,20.03721459009392,49.03994324822752
2024-01-01 17:16:00,20.035556526139096,49.06137787819958
2024-01-01 17:17:00,20.033935914355087,49.082830403029135
2024-01-01 17:18:00,20.032352785638906,49.10430041372319
2024-01-01 17:19:00,20.03080717017295,49.12578750095539
2024-01-01 17:20:00,20.029299097424417,49.1472912550738
2024-01-01 17:21:00,20.027828596144758,49.16881126610874
2024-01-01 17:22:00,20.02639569436912,49.190347123780576
2024-01-01 17:23:00,20.025000419415825,49.21189841750758
2024-01-01 17:24:00,20.02364279788582,49.23346473641371
2024-01-01 17:25:00,20.022322855662203,49.25504566933648
2024-01-01 17:26:00,20.02104061790971,49.276640804834805
2024-01-01 17:27:00,20.019796109074235,49.298249731196805
2024-01-01 17:28:00,20.01858935288238,49.31987203644768
2024-01-01 17:29:00,20.017420372340986,49.341507308357556
2024-01-01 17:30:00,20.016289189736696,49.36315513444937
2024-01-01 17:31:00,20.015195826635544,49.3848151020067
2024-01-01 17:32:00,20.014140303882527,49.40648679808164
2024-01-01 17:33:00,20.013122641601214,49.42816980950269
2024-01-01 17:34:00,20.01214285919337,49.449863722882625
2024-01-01 17:35:00,20.01120097533857,49.47156812462636
2024-01-01 17:36:00,20.01029700799386,49.49328260093886
2024-01-01 17:37:00,20.009430974393396,49.51500673783301
2024-01-01 17:38:00,20.00860289104814,49.536740121137534
2024-01-01 17:39:00,20.007812773745528,49.558482336504845
2024-01-01 17:40:00,20.007060637549163,49.580232969419
2024-01-01 17:41:00,20.006346496798542,49.60199160520356
2024-01-01 17:42:00,20.00567036510878,49.6237578290295
2024-01-01 17:43:00,20.00503225537035,49.64553122592316
2024-01-01 17:44:00,20.00443217974883,49.667311380774095
2024-01-01 17:45:00,20.003870149684676,49.68909787834304
2024-01-01 17:46:00,20.003346175893014,49.7108903032698
2024-01-01 17:47:00,20.002860268363413,49.73268824008116
2024-01-01 17:48:00,20.00241243635972,49.75449127319885
2024-01-01 17:49:00,20.002002688419857,49.77629898694741
2024-01-01 17:50:00,20.001631032355686,49.79811096556216
2024-01-01 17:51:00,20.00129747525284,49.819926793197105
2024-01-01 17:52:00,20.00100202347059,49.841746053932866
2024-01-01 17:53:00,20.00074468264174,49.86356833178463
2024-01-01 17:54:00,20.000525457672495,49.88539321071003
2024-01-01 17:55:00,20.00034435274239,49.90722027461713
2024-01-01 17:56:00,20.000201371304186,49.92904910737234
2024-01-01 17:57:00,20.00009651608384,49.950879292808345
2024-01-01 17:58:00,20.00002978908041,49.97271041473203
2024-01-01 17:59:00,20.000001191566056,49.99454205693244
2024-01-01 18:00:00,20.000010724085985,50.016373803188685
2024-01-01 18:01:00,20.000058386458463,50.03820523727791
2024-01-01 18:02:00,20.000144177774803,50.06003594298319
2024-01-01 18:03:00,20.00026809639939,50.081865504101515
2024-01-01 18:04:00,20.000430139969716,50.10369350445167
2024-01-01 18:05:00,20.000630305396413,50.125519527882204
2024-01-01 18:06:00,20.000868588863323,50.147343158279355
2024-01-01 18:07:00,20.001144985827562,50.169163979575
2024-01-01 18:08:00,20.001459491019617,50.190981575754556
2024-01-01 18:09:00,20.001812098443434,50.21279553086492
2024-01-01 18:10:00,20.002202801376548,50.23460542902243
2024-01-01 18:11:00,20.002631592370193,50.25641085442075
2024-01-01 18:12:00,20.003098463249454,50.27821139133882
2024-01-01 18:13:00,20.003603405113427,50.300006624148786
2024-01-01 18:14:00,20.004146408335384,50.32179613732391
2024-01-01 18:15:00,20.00472746256295,50.3435795154465
2024-01-01 18:16:00,20.005346556718308,50.36535634321584
2024-01-01 18:17:00,20.00600367899841,50.38712620545609
2024-01-01 18:18:00,20.006698816875208,50.40888868712419
2024-01-01 18:19:00,20.00743195709587,50.43064337331782
2024-01-01 18:20:00,20.00820308568306,50.452389849283264
2024-01-01 18:21:00,20.009012187935195,50.47412770042334
2024-01-01 18:22:00,20.009859248426707,50.49585651230529
2024-01-01 18:23:00,20.010744251008372,50.5175758706687
2024-01-01 18:24:00,20.011667178807585,50.539285361433386
2024-01-01 18:25:00,20.012628014228707,50.560984570707284
2024-01-01 18:26:00,20.013626738953377,50.58267308479436
2024-01-01 18:27:00,20.014663333940884,50.60435049020246
2024-01-01 18:28:00,20.015737779428513,50.62601637365124
2024-01-01 18:29:00,20.016850054931933,50.64767032208002
2024-01-01 18:30:00,20.018000139245576,50.669311922655645
2024-01-01 18:31:00,20.019188010443052,50.690940762780386
2024-01-01 18:32:00,20.020413645877568,50.712556430099795
2024-01-01 18:33:00,20.02167702218234,50.73415851251056
2024-01-01 18:34:00,20.022978115271073,50.75574659816835
2024-01-01 18:35:00,20.024316900338388,50.77732027549572
2024-01-01 18:36:00,20.0256933518603,50.79887913318987
2024-01-01 18:37:00,20.027107443594737,50.820422760230585
2024-01-01 18:38:00,20.028559148581987,50.84195074588799
2024-01-01 18:39:00,20.030048439145258,50.863462679730425
2024-01-01 18:40:00,20.031575286891183,50.88495815163227
2024-01-01 18:41:00,20.033139662710365,50.906436751781726
2024-01-01 18:42:00,20.034741536777933,50.92789807068868
2024-01-01 18:43:00,20.036380878554116,50.94934169919246
2024-01-01 18:44:00,20.038057656784815,50.97076722846969
2024-01-01 18:45:00,20.039771839502208,50.99217425004205
2024-01-01 18:46:00,20.041523394025347,51.013562355784046
2024-01-01 18:47:00,20.0433122869608,51.03493113793085
2024-01-01 18:48:00,20.045138484203264,51.056280189086
2024-01-01 18:49:00,20.047001950936245,51.077609102229246
2024-01-01 18:50:00,20.048902651632698,51.09891747072425
2024-01-01 18:51:00,20.050840550055703,51.12020488832635
2024-01-01 18:52:00,20.052815609259174,51.14147094919033
2024-01-01 18:53:00,20.05482779158855,51.162715247878126
2024-01-01 18:54:00,20.056877058681522,51.18393737936658
2024-01-01 18:55:00,20.05896337146875,51.205136939055166
2024-01-01 18:56:00,20.061086690174623,51.226313522773644
2024-01-01 18:57:00,20.06324697431801,51.247466726789874
2024-01-01 18:58:00,20.06544418271303,51.26859614781739
2024-01-01 18:59:00,20.067678273469845,51.2897013830232
2024-01-01 19:00:00,20.069949203995446,51.31078203003539
2024-01-01 19:01:00,20.072256930994484,51.331837686950806
2024-01-01 19:02:00,20.074601410470077,51.35286795234277
2024-01-01 19:03:00,20.07698259772465,51.37387242526866
2024-01-01 19:04:00,20.07940044736081,51.394850705277605
2024-01-01 19:05:00,20.081854913282182,51.41580239241811
2024-01-01 19:06:00,20.0843459486943,51.436727087245636
2024-01-01 19:07:00,20.0868735061055,51.457624390830304
2024-01-01 19:08:00,20.08943753732784,51.47849390476441
2024-01-01 19:09:00,20.092037993477977,51.49933523117009
2024-01-01 19:10:00,20.09467482497815,51.52014797270685
2024-01-01 19:11:00,20.09734798155709,51.54093173257919
2024-01-01 19:12:00,20.10005741225099,51.56168611454413
2024-01-01 19:13:00,20.102803065404473,51.58241072291878
2024-01-01 19:14:00,20.105584888671586,51.6031051625879
2024-01-01 19:15:00,20.108402829016793,51.62376903901141
2024-01-01 19:16:00,20.111256832715974,51.64440195823191
2024-01-01 19:17:00,20.114146845357475,51.6650035268822
2024-01-01 19:18:00,20.117072811843112,51.685573352192804
2024-01-01 19:19:00,20.12003467638926,51.70611104199941
2024-01-01 19:20:00,20.123032382527885,51.726616204750364
2024-01-01 19:21:00,20.12606587310763,51.74708844951417
2024-01-01 19:22:00,20.129135090294916,51.767527385986895
2024-01-01 19:23:00,20.132239975575025,51.787932624499625
2024-01-01 19:24:00,20.135380469753237,51.808303776025916
2024-01-01 19:25:00,20.138556512955933,51.82864045218918
2024-01-01 19:26:00,20.141768044631764,51.8489422652701
2024-01-01 19:27:00,20.145015003552786,51.86920882821403
2024-01-01 19:28:00,20.148297327815634,51.88943975463838
2024-01-01 19:29:00,20.1516149548427,51.90963465883996
2024-01-01 19:30:00,20.154967821383337,51.92979315580234
2024-01-01 19:31:00,20.158355863515045,51.949914861203204
2024-01-01 19:32:00,20.1617790166447,51.96999939142166
2024-01-01 19:33:00,20.165237215509798,51.990046363545574
2024-01-01 19:34:00,20.168730394179672,52.01005539537885
2024-01-01 19:35:00,20.172258486056776,52.03002610544873
2024-01-01 19:36:00,20.175821423877935,52.04995811301304
2024-01-01 19:37:00,20.17941913971564,52.069851038067505
2024-01-01 19:38:00,20.183051564979337,52.08970450135294
2024-01-01 19:39:00,20.186718630416728,52.10951812436249
2024-01-01 19:40:00,20.19042026611511,52.12929152934888
2024-01-01 19:41:00,20.1941564015027,52.149024339331575
2024-01-01 19:42:00,20.19792696534996,52.16871617810399
2024-01-01 19:43:00,20.20173188577099,52.18836667024066
2024-01-01 19:44:00,20.205571090224865,52.207975441104395
2024-01-01 19:45:00,20.20944450551705,52.22754211685341
2024-01-01 19:46:00,20.213352057800773,52.247066324448475
2024-01-01 19:47:00,20.217293672578432,52.26654769166003
2024-01-01 19:48:00,20.221269274703033,52.285985847075246
2024-01-01 19:49:00,20.225278788379608,52.305380420105124
2024-01-01 19:50:00,20.229322137166665,52.324731040991594
2024-01-01 19:51:00,20.233399243977644,52.34403734081451
2024-01-01 19:52:00,20.237510031082387,52.36329895149871
2024-01-01 19:53:00,20.241654420108617,52.38251550582105
2024-01-01 19:54:00,20.245832332043445,52.40168663741736
2024-01-01 19:55:00,20.250043687234857,52.42081198078948
2024-01-01 19:56:00,20.254288405393247,52.43989117131219
2024-01-01 19:57:00,20.258566405592944,52.458923845240186
2024-01-01 19:58:00,20.26287760627375,52.47790963971498
2024-01-01 19:59:00,20.267221925242506,52.49684819277188
2024-01-01 20:00:00,20.27159927967464,52.51573914334681
2024-01-01 20:01:00,20.27600958611577,52.53458213128328
2024-01-01 20:02:00,20.280452760483275,52.553376797339176
2024-01-01 20:03:00,20.28492871806791,52.572122783193656
2024-01-01 20:04:00,20.289437373535417,52.59081973145397
2024-01-01 20:05:00,20.293978640928152,52.609467285662255
2024-01-01 20:06:00,20.29855243366672,52.62806509030237
2024-01-01 20:07:00,20.303158664551635,52.646612790806635
2024-01-01 20:08:00,20.30779724576497,52.66511003356261
2024-01-01 20:09:00,20.312468088872045,52.68355646591984
2024-01-01 20:10:00,20.3171711048231,52.70195173619656
2024-01-01 20:11:00,20.32190620395501,52.72029549368643
2024-01-01 20:12:00,20.326673295992965,52.738587388665174
2024-01-01 20:13:00,20.331472290052222,52.75682707239729
2024-01-01 20:14:00,20.336303094639828,52.77501419714272
2024-01-01 20:15:00,20.341165617656348,52.79314841616337
2024-01-01 20:16:00,20.346059766397648,52.81122938372987
2024-01-01 20:17:00,20.350985447556642,52.82925675512804
2024-01-01 20:18:00,20.355942567225075,52.84723018666554
2024-01-01 20:19:00,20.360931030895323,52.86514933567838
2024-01-01 20:20:00,20.36595074346218,52.88301386053748
2024-01-01 20:21:00,20.371001609224685,52.90082342065516
2024-01-01 20:22:00,20.37608353188794,52.91857767649164
2024-01-01 20:23:00,20.381196414564943,52.93627628956154
2024-01-01 20:24:00,20.38634015977844,52.953918922440295
2024-01-01 20:25:00,20.391514669462783,52.9715052387706
2024-01-01 20:26:00,20.396719844965794,52.98903490326884
2024-01-01 20:27:00,20.401955587050658,53.00650758173145
2024-01-01 20:28:00,20.4072217958978,53.023922941041334
2024-01-01 20:29:00,20.4125183711068,53.04128064917416
2024-01-01 20:30:00,20.4178452116983,53.05858037520473
2024-01-01 20:31:00,20.42320221611593,53.07582178931327
2024-01-01 20:32:00,20.428589282228252,53.093004562791734
2024-01-01 20:33:00,20.434006307330694,53.110128368050056
2024-01-01 20:34:00,20.43945318814752,53.127192878622395
2024-01-01 20:35:00,20.444929820833792,53.14419776917338
2024-01-01 20:36:00,20.45043610097735,53.16114271550428
2024-01-01 20:37:00,20.455971923600806,53.17802739455921
2024-01-01 20:38:00,20.46153718316355,53.19485148443129
2024-01-01 20:39:00,20.46713177356374,53.21161466436876
2024-01-01 20:40:00,20.47275558814036,53.22831661478112
2024-01-01 20:41:00,20.478408519675217,53.24495701724521
2024-01-01 20:42:00,20.484090460395013,53.261535554511276
2024-01-01 20:43:00,20.489801301973387,53.27805191050905
2024-01-01 20:44:00,20.49554093553298,53.29450577035371
2024-01-01 20:45:00,20.50130925164752,53.310896820351964
2024-01-01 20:46:00,20.507106140343886,53.32722474800797
2024-01-01 20:47:00,20.51293149110424,53.343489242029335
2024-01-01 20:48:00,20.518785192868098,53.359689992333
2024-01-01 20:49:00,20.52466713403447,53.37582669005121
2024-01-01 20:50:00,20.53057720246398,53.39189902753736
2024-01-01 20:51:00,20.536515285481006,53.407906698371875
2024-01-01 20:52:00,20.542481269875825,53.42384939736806
2024-01-01 20:53:00,20.548475041906777,53.439726820577896
2024-01-01 20:54:00,20.554496487302423,53.45553866529786
2024-01-01 20:55:00,20.560545491263735,53.47128463007469
2024-01-01 20:56:00,20.566621938466284,53.4869644147111
2024-01-01 20:57:00,20.57272571306243,53.502577720271574
2024-01-01 20:58:00,20.578856698683534,53.518124249087975
2024-01-01 20:59:00,20.585014778442183,53.533603704765305
2024-01-01 21:00:00,20.591199834934407,53.54901579218729
2024-01-01 21:01:00,20.597411750241935,53.564360217522044
2024-01-01 21:02:00,20.603650405934417,53.579636688227666
2024-01-01 21:03:00,20.609915683071705,53.59484491305779
2024-01-01 21:04:00,20.61620746220612,53.60998460206721
2024-01-01 21:05:00,20.622525623384703,53.62505546661729
2024-01-01 21:06:00,20.628870046151537,53.64005721938158
2024-01-01 21:07:00,20.63524060955002,53.65498957435124
2024-01-01 21:08:00,20.64163719212518,53.66985224684049
2024-01-01 21:09:00,20.648059671925985,53.68464495349207
2024-01-01 21:10:00,20.654507926507677,53.699367412282584
2024-01-01 21:11:00,20.6609818329341,53.71401934252795
2024-01-01 21:12:00,20.66748126778004,53.7286004648887
2024-01-01 21:13:00,20.67400610713359,53.74311050137531
2024-01-01 21:14:00,20.680556226598497,53.75754917535354
2024-01-01 21:15:00,20.68713150129655,53.77191621154964
2024-01-01 21:16:00,20.69373180586995,53.78621133605566
2024-01-01 21:17:00,20.700357014483703,53.800434276334656
2024-01-01 21:18:00,20.707007000828014,53.814584761225845
2024-01-01 21:19:00,20.713681638120708,53.828662520949855
2024-01-01 21:20:00,20.72038079910963,53.84266728711377
2024-01-01 21:21:00,20.72710435607509,53.85659879271634
2024-01-01 21:22:00,20.733852180832276,53.87045677215301
2024-01-01 21:23:00,20.740624144733726,53.88424096122101
2024-01-01 21:24:00,20.747420118671748,53.89795109712438
2024-01-01 21:25:00,20.754239973080907,53.91158691847898
2024-01-01 21:26:00,20.761083577940486,53.925148165317495
2024-01-01 21:27:00,20.76795080277696,53.93863457909437
2024-01-01 21:28:00,20.774841516666495,53.95204590269074
2024-01-01 21:29:00,20.781755588237434,53.965381880419336
2024-01-01 21:30:00,20.788692885672805,53.97864225802937
2024-01-01 21:31:00,20.795653276712834,53.99182678271135
2024-01-01 21:32:00,20.802636628657467,54.00493520310195
2024-01-01 21:33:00,20.8096428083689,54.01796726928876
2024-01-01 21:34:00,20.81667168227412,54.03092273281506
2024-01-01 21:35:00,20.82372311636744,54.043801346684575
2024-01-01 21:36:00,20.830796976213076,54.05660286536616
2024-01-01 21:37:00,20.83789312694768,54.0693270447985
2024-01-01 21:38:00,20.845011433282945,54.08197364239476
2024-01-01 21:39:00,20.85215175950815,54.09454241704717
2024-01-01 21:40:00,20.859313969492774,54.107033129131715
2024-01-01 21:41:00,20.86649792668908,54.11944554051259
2024-01-01 21:42:00,20.873703494134723,54.13177941454683
2024-01-01 21:43:00,20.880930534455352,54.144034516088766
2024-01-01 21:44:00,20.888178909867232,54.15621061149455
2024-01-01 21:45:00,20.895448482179884,54.168307468626566
2024-01-01 21:46:00,20.902739112798706,54.18032485685789
2024-01-01 21:47:00,20.910050662727617,54.19226254707667
2024-01-01 21:48:00,20.917382992571707,54.20412031169052
2024-01-01 21:49:00,20.924735962539895,54.215897924630795
2024-01-01 21:50:00,20.932109432447607,54.22759516135698
2024-01-01 21:51:00,20.939503261719427,54.23921179886092
2024-01-01 21:52:00,20.946917309391786,54.250747615671095
2024-01-01 21:53:00,20.954351434115654,54.26220239185683
2024-01-01 21:54:00,20.961805494159236,54.27357590903248
2024-01-01 21:55:00,20.96927934741066,54.28486795036163
2024-01-01 21:56:00,20.9767728513807,54.29607830056118
2024-01-01 21:57:00,20.984285863205493,54.30720674590548
2024-01-01 21:58:00,20.991818239649255,54.31825307423042
2024-01-01 21:59:00,20.99936983710701,54.32921707493742
2024-01-01 22:00:00,21.006940511607343,54.340098538997495
2024-01-01 22:01:00,21.01453011881512,54.35089725895523
2024-01-01 22:02:00,21.022138514034275,54.361613028932716
2024-01-01 22:03:00,21.029765552210524,54.372245644633495
2024-01-01 22:04:00,21.037411087934178,54.38279490334645
2024-01-01 22:05:00,21.045074975442873,54.39326060394965
2024-01-01 22:06:00,21.052757068624377,54.40364254691423
2024-01-01 22:07:00,21.060457221019366,54.41394053430814
2024-01-01 22:08:00,21.068175285824214,54.424154369799965
2024-01-01 22:09:00,21.0759111158938,54.43428385866263
2024-01-01 22:10:00,21.083664563744293,54.444328807777154
2024-01-01 22:11:00,21.091435481555997,54.454289025636285
2024-01-01 22:12:00,21.09922372117614,54.464164322348196
2024-01-01 22:13:00,21.10702913412171,54.47395450964006
2024-01-01 22:14:00,21.114851571582292,54.48365940086169
2024-01-01 22:15:00,21.122690884422887,54.49327881098905
2024-01-01 22:16:00,21.130546923186778,54.502812556627816
2024-01-01 22:17:00,21.138419538098358,54.512260456016854
2024-01-01 22:18:00,21.146308579065998,54.5216223290317
2024-01-01 22:19:00,21.15421389568491,54.530897997187964
2024-01-01 22:20:00,21.162135337240006,54.54008728364478
2024-01-01 22:21:00,21.17007275270878,54.54919001320813
2024-01-01 22:22:00,21.178025990764176,54.558206012334225
2024-01-01 22:23:00,21.185994899777484,54.567135109132785
2024-01-01 22:24:00,21.193979327821232,54.575977133370316
2024-01-01 22:25:00,21.201979122672064,54.58473191647338
2024-01-01 22:26:00,21.209994131813666,54.59339929153179
2024-01-01 22:27:00,21.21802420243966,54.601979093301786
2024-01-01 22:28:00,21.226069181456527,54.61047115820921
2024-01-01 22:29:00,21.234128915486504,54.618875324352594
2024-01-01 22:30:00,21.242203250870535,54.627191431506276
2024-01-01 22:31:00,21.25029203367119,54.635419321123436
2024-01-01 22:32:00,21.258395109675586,54.64355883633913
2024-01-01 22:33:00,21.266512324398356,54.65160982197326
2024-01-01 22:34:00,21.274643523084563,54.659572124533554
2024-01-01 22:35:00,21.282788550712677,54.6674455922185
2024-01-01 22:36:00,21.290947251997515,54.675230074920194
2024-01-01 22:37:00,21.2991194713932,54.682925424227264
2024-01-01 22:38:00,21.30730505309614,54.69053149342765
2024-01-01 22:39:00,21.315503841047985,54.69804813751143
2024-01-01 22:40:00,21.323715678938612,54.70547521317357
2024-01-01 22:41:00,21.33194041020909,54.71281257881666
2024-01-01 22:42:00,21.340177878054693,54.72006009455361
2024-01-01 22:43:00,21.348427925427853,54.72721762221033
2024-01-01 22:44:00,21.356690395041184,54.73428502532836
2024-01-01 22:45:00,21.364965129370475,54.74126216916744
2024-01-01 22:46:00,21.373251970657666,54.74814892070814
2024-01-01 22:47:00,21.381550760913903,54.754945148654336
2024-01-01 22:48:00,21.38986134192251,54.76165072343576
2024-01-01 22:49:00,21.398183555242024,54.768265517210416
2024-01-01 22:50:00,21.40651724220921,54.774789403867096
2024-01-01 22:51:00,21.414862243942082,54.7812222590277
2024-01-01 22:52:00,21.423218401342957,54.78756396004966
2024-01-01 22:53:00,21.431585555101446,54.79381438602828
2024-01-01 22:54:00,21.43996354569753,54.799973417798995
2024-01-01 22:55:00,21.448352213404576,54.8060409379397
2024-01-01 22:56:00,21.456751398292393,54.81201683077294
2024-01-01 22:57:00,21.465160940230287,54.81790098236816
2024-01-01 22:58:00,21.4735806788901,54.82369328054383
2024-01-01 22:59:00,21.482010453749275,54.82939361486963
2024-01-01 23:00:00,21.49045010409391,54.835001876668514
2024-01-01 23:01:00,21.498899469021833,54.840517959018825
2024-01-01 23:02:00,21.507358387445663,54.845941756756275
2024-01-01 23:03:00,21.51582669809587,54.85127316647603
2024-01-01 23:04:00,21.524304239523886,54.85651208653459
2024-01-01 23:05:00,21.53279085010513,54.86165841705181
2024-01-01 23:06:00,21.541286368042133,54.86671205991274
2024-01-01 23:07:00,21.549790631367603,54.87167291876955
2024-01-01 23:08:00,21.55830347794752,54.87654089904331
2024-01-01 23:09:00,21.566824745484215,54.881315907925845
2024-01-01 23:10:00,21.575354271519483,54.88599785438147
2024-01-01 23:11:00,21.58389189343767,54.890586649148744
2024-01-01 23:12:00,21.59243744846877,54.89508220474217
2024-01-01 23:13:00,21.600990773691528,54.89948443545384
2024-01-01 23:14:00,21.60955170603656,54.90379325735511
2024-01-01 23:15:00,21.61812008228944,54.90800858829817
2024-01-01 23:16:00,21.626695739093837,54.9121303479176
2024-01-01 23:17:00,21.635278512954606,54.91615845763196
2024-01-01 23:18:00,21.643868240240927,54.9200928406452
2024-01-01 23:19:00,21.652464757189392,54.923933421948206
2024-01-01 23:20:00,21.66106789990717,54.92768012832018
2024-01-01 23:21:00,21.669677504375095,54.931332888330076
2024-01-01 23:22:00,21.678293406450813,54.934891632337894
2024-01-01 23:23:00,21.686915441871903,54.9383562924961
2024-01-01 23:24:00,21.695543446259023,54.94172680275084
2024-01-01 23:25:00,21.704177255119014,54.94500309884324
2024-01-01 23:26:00,21.71281670384807,54.94818511831062
2024-01-01 23:27:00,21.721461627734847,54.95127280048769
2024-01-01 23:28:00,21.730111861963636,54.95426608650771
2024-01-01 23:29:00,21.738767241617463,54.95716491930358
2024-01-01 23:30:00,21.747427601681277,54.95996924360898
2024-01-01 23:31:00,21.756092777045065,54.96267900595939
2024-01-01 23:32:00,21.76476260250701,54.965294154693105
2024-01-01 23:33:00,21.77343691277664,54.967814639952245
2024-01-01 23:34:00,21.782115542477985,54.97024041368369
2024-01-01 23:35:00,21.790798326152725,54.972571429639984
2024-01-01 23:36:00,21.79948509826334,54.97480764338025
2024-01-01 23:37:00,21.80817569319627,54.976949012271014
2024-01-01 23:38:00,21.816869945265076,54.978995495487005
2024-01-01 23:39:00,21.825567688713594,54.98094705401197
2024-01-01 23:40:00,21.8342687577191,54.98280365063938
2024-01-01 23:41:00,21.842972986395463,54.98456524997319
2024-01-01 23:42:00,21.851680208796317,54.98623181842843
2024-01-01 23:43:00,21.860390258918216,54.98780332423195
2024-01-01 23:44:00,21.869102970703807,54.989279737422926
2024-01-01 23:45:00,21.877818178044997,54.990661029853506
2024-01-01 23:46:00,21.8865357147861,54.99194717518932
2024-01-01 23:47:00,21.895255414727036,54.993138148909956
2024-01-01 23:48:00,21.903977111626475,54.99423392830948
2024-01-01 23:49:00,21.912700639205017,54.99523449249682
2024-01-01 23:50:00,21.921425831148365,54.99613982239618
2024-01-01 23:51:00,21.930152521110475,54.99694990074744
2024-01-01 23:52:00,21.938880542716767,54.99766471210642
2024-01-01 23:53:00,21.94760972956725,54.99828424284523
2024-01-01 23:54:00,21.956339915239734,54.99880848115249
2024-01-01 23:55:00,21.965070933292978,54.999237417033584
2024-01-01 23:56:00,21.97380261726987,54.99957104231083
2024-01-01 23:57:00,21.98253480070062,54.99980935062368
2024-01-01 23:58:00,21.991267317105883,54.999952337428745
2024-01-01 23:59:00,22.0,55.0
