timestamp,signal,humidity_pct
2024-01-01 00:00:00,22.037106579974914,55.0
2024-01-01 00:01:00,22.019767513481757,54.999952337428745
2024-01-01 00:02:00,22.032575793713324,54.99980935062368
2024-01-01 00:03:00,22.0546579302677,54.99957104231083
2024-01-01 00:04:00,22.062994152805153,54.999237417033584
2024-01-01 00:05:00,22.024007399448053,54.99880848115249
2024-01-01 00:06:00,22.021671209784927,54.99828424284523
2024-01-01 00:07:00,22.046715439853,54.99766471210642
2024-01-01 00:08:00,22.065049239935277,54.99694990074744
2024-01-01 00:09:00,22.068867146228342,54.99613982239618
2024-01-01 00:10:00,22.077192534611278,54.99523449249682
2024-01-01 00:11:00,22.096955956084518,54.99423392830948
2024-01-01 00:12:00,22.12391432626991,54.99313814890996
2024-01-01 00:13:00,22.14329647816061,54.99194717518932
2024-01-01 00:14:00,22.144479909369455,54.99066102985351
2024-01-01 00:15:00,22.10523559279282,54.989279737422926
2024-01-01 00:16:00,22.113780470081124,54.98780332423195
2024-01-01 00:17:00,22.20892226047663,54.98623181842843
2024-01-01 00:18:00,22.132792165862334,54.98456524997319
2024-01-01 00:19:00,22.16513454075827,54.98280365063938
2024-01-01 00:20:00,22.19143455432776,54.98094705401197
2024-01-01 00:21:00,22.21425045036716,54.978995495487005
2024-01-01 00:22:00,22.197738595124214,54.97694901227101
2024-01-01 00:23:00,22.248106427295806,54.97480764338025
2024-01-01 00:24:00,22.224699790182374,54.972571429639984
2024-01-01 00:25:00,22.235945306773527,54.97024041368369
2024-01-01 00:26:00,22.242772594962233,54.967814639952245
2024-01-01 00:27:00,22.29432382783151,54.96529415469311
2024-01-01 00:28:00,22.305666630231354,54.96267900595939
2024-01-01 00:29:00,22.264671664753706,54.95996924360898
2024-01-01 00:30:00,22.27941750047403,54.95716491930358
2024-01-01 00:31:00,22.28667915905388,54.95426608650771
2024-01-01 00:32:00,22.28291101019322,54.95127280048769
2024-01-01 00:33:00,22.279169706249043,54.94818511831062
2024-01-01 00:34:00,22.315194696111085,54.94500309884324
2024-01-01 00:35:00,22.30965498592527,54.94172680275084
2024-01-01 00:36:00,22.37289723285113,54.9383562924961
2024-01-01 00:37:00,22.318654885296308,54.9348916323379
2024-01-01 00:38:00,22.361216819361324,54.93133288833008
2024-01-01 00:39:00,22.313667003772846,54.92768012832018
2024-01-01 00:40:00,22.333622492199265,54.923933421948206
2024-01-01 00:41:00,22.363714736578867,54.9200928406452
2024-01-01 00:42:00,22.35464786765234,54.91615845763196
2024-01-01 00:43:00,22.355868429327376,54.91213034791761
2024-01-01 00:44:00,22.379000305477465,54.90800858829817
2024-01-01 00:45:00,22.43494332285579,54.90379325735511
2024-01-01 00:46:00,22.402106864949378,54.89948443545384
2024-01-01 00:47:00,22.394652931082838,54.89508220474217
2024-01-01 00:48:00,22.428914778718873,54.89058664914874
2024-01-01 00:49:00,22.416402569319086,54.88599785438147
2024-01-01 00:50:00,22.443033484184625,54.881315907925845
2024-01-01 00:51:00,22.398208521467645,54.87654089904331
2024-01-01 00:52:00,22.49472799892254,54.87167291876955
2024-01-01 00:53:00,22.400952393118068,54.86671205991274
2024-01-01 00:54:00,22.46631771814182,54.86165841705181
2024-01-01 00:55:00,22.4991516762077,54.85651208653459
2024-01-01 00:56:00,22.431920108595655,54.85127316647603
2024-01-01 00:57:00,22.524264001812046,54.84594175675628
2024-01-01 00:58:00,22.462754791415954,54.840517959018825
2024-01-01 00:59:00,22.501984772580716,54.835001876668514
2024-01-01 01:00:00,22.556625930294214,54.82939361486963
2024-01-01 01:01:00,22.549477845910445,54.82369328054383
2024-01-01 01:02:00,22.587997264322546,54.81790098236816
2024-01-01 01:03:00,22.537073993438423,54.81201683077294
2024-01-01 01:04:00,22.571799697062282,54.8060409379397
2024-01-01 01:05:00,22.617317259363702,54.799973417799
2024-01-01 01:06:00,22.542994925871618,54.79381438602828
2024-01-01 01:07:00,22.548967957741276,54.78756396004967
2024-01-01 01:08:00,22.60567479027658,54.7812222590277
2024-01-01 01:09:00,22.571496245189756,54.774789403867096
2024-01-01 01:10:00,22.58931715464984,54.768265517210416
2024-01-01 01:11:00,22.6056590564317,54.76165072343576
2024-01-01 01:12:00,22.58996590181845,54.75494514865434
2024-01-01 01:13:00,22.61247293754323,54.74814892070814
2024-01-01 01:14:00,22.659875533808066,54.74126216916744
2024-01-01 01:15:00,22.658664349531175,54.73428502532836
2024-01-01 01:16:00,22.68014879870259,54.72721762221033
2024-01-01 01:17:00,22.5961291302495,54.72006009455361
2024-01-01 01:18:00,22.658479469548894,54.71281257881666
2024-01-01 01:19:00,22.686209959916184,54.70547521317357
2024-01-01 01:20:00,22.66930926385334,54.69804813751144
2024-01-01 01:21:00,22.70798376431143,54.69053149342765
2024-01-01 01:22:00,22.75213515974711,54.682925424227264
2024-01-01 01:23:00,22.6780456337063,54.675230074920194
2024-01-01 01:24:00,22.719714555620875,54.6674455922185
2024-01-01 01:25:00,22.73924019722139,54.659572124533554
2024-01-01 01:26:00,22.71109133941099,54.65160982197326
2024-01-01 01:27:00,22.710357511159216,54.64355883633913
2024-01-01 01:28:00,22.705808792435686,54.63541932112344
2024-01-01 01:29:00,22.752623283548417,54.62719143150628
2024-01-01 01:30:00,22.76272550639691,54.618875324352594
2024-01-01 01:31:00,22.81222682776727,54.61047115820921
2024-01-01 01:32:00,22.75237379408779,54.601979093301786
2024-01-01 01:33:00,22.791333837202423,54.59339929153179
2024-01-01 01:34:00,22.810722917844387,54.58473191647338
2024-01-01 01:35:00,22.822130731894138,54.57597713337032
2024-01-01 01:36:00,22.799867112284986,54.56713510913279
2024-01-01 01:37:00,22.78913194894509,54.55820601233423
2024-01-01 01:38:00,22.835811415264526,54.54919001320813
2024-01-01 01:39:00,22.849579564564664,54.54008728364478
2024-01-01 01:40:00,22.835341294433114,54.53089799718797
2024-01-01 01:41:00,22.871664997396998,54.5216223290317
2024-01-01 01:42:00,22.849918241964417,54.51226045601685
2024-01-01 01:43:00,22.891075403086656,54.502812556627816
2024-01-01 01:44:00,22.845254674593054,54.493278810989054
2024-01-01 01:45:00,22.876283262957305,54.48365940086169
2024-01-01 01:46:00,22.922940224956633,54.47395450964006
2024-01-01 01:47:00,22.859833864125264,54.4641643223482
2024-01-01 01:48:00,22.877622197671048,54.454289025636285
2024-01-01 01:49:00,22.996375802018193,54.444328807777154
2024-01-01 01:50:00,22.946266864874588,54.43428385866263
2024-01-01 01:51:00,22.942775994288795,54.424154369799965
2024-01-01 01:52:00,22.938068009927058,54.41394053430814
2024-01-01 01:53:00,22.96015953658402,54.40364254691423
2024-01-01 01:54:00,22.93565788824024,54.393260603949656
2024-01-01 01:55:00,22.9686989842993,54.38279490334645
2024-01-01 01:56:00,22.97803993288941,54.372245644633495
2024-01-01 01:57:00,23.02491639416672,54.36161302893272
2024-01-01 01:58:00,22.99629208347907,54.35089725895523
2024-01-01 01:59:00,22.936935330640647,54.340098538997495
2024-01-01 02:00:00,22.994817079077915,54.32921707493742
2024-01-01 02:01:00,23.00579726692989,54.31825307423042
2024-01-01 02:02:00,22.987120361643747,54.30720674590548
2024-01-01 02:03:00,23.006633053837866,54.29607830056118
2024-01-01 02:04:00,23.020281767853415,54.28486795036163
2024-01-01 02:05:00,23.076779687251133,54.27357590903248
2024-01-01 02:06:00,23.000248955944198,54.26220239185683
2024-01-01 02:07:00,23.083018150451753,54.2507476156711
2024-01-01 02:08:00,23.061592232136114,54.23921179886092
2024-01-01 02:09:00,23.020360636892036,54.22759516135698
2024-01-01 02:10:00,23.067723396676087,54.2158979246308
2024-01-01 02:11:00,23.05776408344169,54.20412031169052
2024-01-01 02:12:00,23.09419100693886,54.19226254707667
2024-01-01 02:13:00,23.073799362815734,54.18032485685789
2024-01-01 02:14:00,23.08737614404844,54.168307468626566
2024-01-01 02:15:00,23.166849116177804,54.15621061149455
2024-01-01 02:16:00,23.10374948602179,54.144034516088766
2024-01-01 02:17:00,23.116403819265898,54.13177941454683
2024-01-01 02:18:00,23.13471250282341,54.119445540512594
2024-01-01 02:19:00,23.144292818528164,54.10703312913172
2024-01-01 02:20:00,23.122765597550917,54.09454241704717
2024-01-01 02:21:00,23.169138173726562,54.08197364239476
2024-01-01 02:22:00,23.19703861388467,54.069327044798506
2024-01-01 02:23:00,23.19850686872257,54.05660286536616
2024-01-01 02:24:00,23.122481435463584,54.043801346684575
2024-01-01 02:25:00,23.120621633120987,54.03092273281506
2024-01-01 02:26:00,23.168023547218166,54.01796726928876
2024-01-01 02:27:00,23.231582918137875,54.00493520310195
2024-01-01 02:28:00,23.23075098909219,53.99182678271135
2024-01-01 02:29:00,23.1721125937655,53.97864225802937
2024-01-01 02:30:00,23.199342257727107,53.965381880419336
2024-01-01 02:31:00,23.160592420675584,53.95204590269074
2024-01-01 02:32:00,23.22132598819805,53.938634579094376
2024-01-01 02:33:00,23.22339629690255,53.925148165317495
2024-01-01 02:34:00,23.267561899171533,53.91158691847898
2024-01-01 02:35:00,23.24779460031671,53.89795109712438
2024-01-01 02:36:00,23.256403105149342,53.88424096122101
2024-01-01 02:37:00,23.23244354544346,53.87045677215301
2024-01-01 02:38:00,23.258861274679873,53.85659879271634
2024-01-01 02:39:00,23.281658018185468,53.84266728711377
2024-01-01 02:40:00,23.32702767796109,53.828662520949855
2024-01-01 02:41:00,23.29932763012645,53.814584761225845
2024-01-01 02:42:00,23.287911284225704,53.800434276334656
2024-01-01 02:43:00,23.2585761002126,53.78621133605567
2024-01-01 02:44:00,23.367593449474366,53.77191621154964
2024-01-01 02:45:00,23.315864429189855,53.75754917535354
2024-01-01 02:46:00,23.311018580504058,53.74311050137531
2024-01-01 02:47:00,23.312203297977042,53.7286004648887
2024-01-01 02:48:00,23.354463213875594,53.71401934252795
2024-01-01 02:49:00,23.350326176479754,53.69936741228258
2024-01-01 02:50:00,23.33473096314042,53.68464495349207
2024-01-01 02:51:00,23.363712860710592,53.66985224684049
2024-01-01 02:52:00,23.366451724862973,53.65498957435124
2024-01-01 02:53:00,23.38180566453432,53.64005721938158
2024-01-01 02:54:00,23.431198096568824,53.62505546661729
2024-01-01 02:55:00,23.402595300596037,53.60998460206721
2024-01-01 02:56:00,23.39811479389304,53.5948449130578
2024-01-01 02:57:00,23.412268535236556,53.57963668822767
2024-01-01 02:58:00,23.438348111946976,53.56436021752205
2024-01-01 02:59:00,23.435905522138125,53.54901579218729
2024-01-01 03:00:00,23.335125435569903,53.533603704765305
2024-01-01 03:01:00,23.423125856209488,53.51812424908798
2024-01-01 03:02:00,23.42935723379253,53.50257772027157
2024-01-01 03:03:00,23.443751806291896,53.4869644147111
2024-01-01 03:04:00,23.393961595787236,53.47128463007469
2024-01-01 03:05:00,23.44591170488978,53.45553866529786
2024-01-01 03:06:00,23.436254824353014,53.439726820577896
2024-01-01 03:07:00,23.443703161311575,53.42384939736806
2024-01-01 03:08:00,23.4148150392453,53.40790669837188
2024-01-01 03:09:00,23.47926952249531,53.39189902753736
2024-01-01 03:10:00,23.46262929509471,53.37582669005121
2024-01-01 03:11:00,23.479312083959208,53.359689992333
2024-01-01 03:12:00,23.480193858539643,53.343489242029335
2024-01-01 03:13:00,23.45601900567558,53.32722474800798
2024-01-01 03:14:00,23.527206148136052,53.31089682035197
2024-01-01 03:15:00,23.541628058236256,53.29450577035371
2024-01-01 03:16:00,23.52424467433354,53.27805191050905
2024-01-01 03:17:00,23.47023078681321,53.26153555451128
2024-01-01 03:18:00,23.538542563082828,53.24495701724521
2024-01-01 03:19:00,23.52819427845353,53.22831661478112
2024-01-01 03:20:00,23.563597191107352,53.21161466436876
2024-01-01 03:21:00,23.52802648069422,53.19485148443129
2024-01-01 03:22:00,23.516158236703586,53.178027394559216
2024-01-01 03:23:00,23.565682559718745,53.16114271550428
2024-01-01 03:24:00,23.557282944309815,53.14419776917338
2024-01-01 03:25:00,23.576360609359206,53.1271928786224
2024-01-01 03:26:00,23.58728003693095,53.110128368050056
2024-01-01 03:27:00,23.639352505903233,53.09300456279173
2024-01-01 03:28:00,23.545482104145577,53.07582178931327
2024-01-01 03:29:00,23.58338560714353,53.05858037520473
2024-01-01 03:30:00,23.58094669755599,53.04128064917416
2024-01-01 03:31:00,23.62054521064277,53.02392294104133
2024-01-01 03:32:00,23.60760321055495,53.006507581731455
2024-01-01 03:33:00,23.601324148842963,52.98903490326884
2024-01-01 03:34:00,23.606492369993845,52.9715052387706
2024-01-01 03:35:00,23.613196112760676,52.953918922440295
2024-01-01 03:36:00,23.616217251540817,52.93627628956154
2024-01-01 03:37:00,23.580256242048236,52.91857767649165
2024-01-01 03:38:00,23.59250258940673,52.90082342065516
2024-01-01 03:39:00,23.62638530085467,52.88301386053748
2024-01-01 03:40:00,23.6501856348666,52.86514933567838
2024-01-01 03:41:00,23.638158840386197,52.84723018666554
2024-01-01 03:42:00,23.65780849586027,52.82925675512804
2024-01-01 03:43:00,23.646567671230873,52.811229383729874
2024-01-01 03:44:00,23.63174558398794,52.793148416163376
2024-01-01 03:45:00,23.676464929881494,52.77501419714272
2024-01-01 03:46:00,23.65992511307879,52.7568270723973
2024-01-01 03:47:00,23.682732085076644,52.73858738866517
2024-01-01 03:48:00,23.698506312353643,52.72029549368643
2024-01-01 03:49:00,23.684618704205416,52.70195173619656
2024-01-01 03:50:00,23.66792992007436,52.68355646591984
2024-01-01 03:51:00,23.71625602210748,52.66511003356261
2024-01-01 03:52:00,23.69741143254611,52.64661279080664
2024-01-01 03:53:00,23.72596494059417,52.62806509030237
2024-01-01 03:54:00,23.702385351159943,52.609467285662255
2024-01-01 03:55:00,23.744413306848404,52.59081973145397
2024-01-01 03:56:00,23.67263730392102,52.572122783193656
2024-01-01 03:57:00,23.70880681736152,52.553376797339176
2024-01-01 03:58:00,23.7469180883896,52.53458213128328
2024-01-01 03:59:00,23.691269174118336,52.51573914334681
2024-01-01 04:00:00,23.733302956229455,52.49684819277188
2024-01-01 04:01:00,23.78721190858253,52.47790963971498
2024-01-01 04:02:00,23.76404999782137,52.458923845240186
2024-01-01 04:03:00,23.73080124606196,52.43989117131219
2024-01-01 04:04:00,23.780845028096284,52.42081198078948
2024-01-01 04:05:00,23.722258950298027,52.40168663741736
2024-01-01 04:06:00,23.761861524842065,52.38251550582105
2024-01-01 04:07:00,23.7846299799092,52.36329895149871
2024-01-01 04:08:00,23.760889234762057,52.34403734081451
2024-01-01 04:09:00,23.80647399780777,52.3247310409916
2024-01-01 04:10:00,23.799135598849414,52.30538042010512
2024-01-01 04:11:00,23.77076807379125,52.285985847075246
2024-01-01 04:12:00,23.774080841745985,52.26654769166003
2024-01-01 04:13:00,23.80971944852789,52.24706632444848
2024-01-01 04:14:00,23.820770959925387,52.22754211685341
2024-01-01 04:15:00,23.806861652948598,52.2079754411044
2024-01-01 04:16:00,23.803153786097205,52.18836667024066
2024-01-01 04:17:00,23.815469968608042,52.16871617810399
2024-01-01 04:18:00,23.790942483153962,52.149024339331575
2024-01-01 04:19:00,23.788461799125674,52.12929152934888
2024-01-01 04:20:00,23.811549810348193,52.109518124362495
2024-01-01 04:21:00,23.842567684979098,52.08970450135294
2024-01-01 04:22:00,23.82286978320639,52.06985103806751
2024-01-01 04:23:00,23.81743791895556,52.04995811301304
2024-01-01 04:24:00,23.828049163446604,52.03002610544873
2024-01-01 04:25:00,23.80379796864271,52.010055395378856
2024-01-01 04:26:00,23.83009626023309,51.99004636354558
2024-01-01 04:27:00,23.79746240721069,51.96999939142166
2024-01-01 04:28:00,23.794753953361138,51.9499148612032
2024-01-01 04:29:00,23.85518534961353,51.92979315580234
2024-01-01 04:30:00,23.82532907382208,51.90963465883996
2024-01-01 04:31:00,23.834788765075455,51.88943975463838
2024-01-01 04:32:00,23.873229930092077,51.86920882821403
2024-01-01 04:33:00,23.86898291461781,51.8489422652701
2024-01-01 04:34:00,23.90613341759849,51.82864045218918
2024-01-01 04:35:00,23.86567581115458,51.80830377602592
2024-01-01 04:36:00,23.89821203983687,51.78793262449963
2024-01-01 04:37:00,23.8495455932168,51.767527385986895
2024-01-01 04:38:00,23.858704287764326,51.74708844951417
2024-01-01 04:39:00,23.838949950337117,51.72661620475037
2024-01-01 04:40:00,23.862495121875032,51.70611104199941
2024-01-01 04:41:00,23.90645811131412,51.6855733521928
2024-01-01 04:42:00,23.87223057252959,51.6650035268822
2024-01-01 04:43:00,23.879309872105257,51.64440195823191
2024-01-01 04:44:00,23.8514981091558,51.62376903901141
2024-01-01 04:45:00,23.889080799856607,51.6031051625879
2024-01-01 04:46:00,23.865890519716565,51.58241072291878
2024-01-01 04:47:00,23.972705065041175,51.56168611454413
2024-01-01 04:48:00,23.872574535980636,51.54093173257919
2024-01-01 04:49:00,23.868203819986366,51.52014797270686
2024-01-01 04:50:00,23.85549078854822,51.49933523117009
2024-01-01 04:51:00,23.902344576153276,51.47849390476441
2024-01-01 04:52:00,23.916271368710696,51.457624390830304
2024-01-01 04:53:00,23.943957202517968,51.43672708724564
2024-01-01 04:54:00,23.95657902186243,51.41580239241811
2024-01-01 04:55:00,23.92908088769903,51.39485070527761
2024-01-01 04:56:00,23.92055068406155,51.373872425268665
2024-01-01 04:57:00,23.9173250356791,51.35286795234277
2024-01-01 04:58:00,23.916673425546247,51.33183768695081
2024-01-01 04:59:00,23.888191767278702,51.31078203003539
2024-01-01 05:00:00,23.916279491483223,51.28970138302321
2024-01-01 05:01:00,23.938801566125303,51.2685961478174
2024-01-01 05:02:00,23.951767525527504,51.247466726789874
2024-01-01 05:03:00,23.918095728521504,51.22631352277365
2024-01-01 05:04:00,23.9641831007841,51.205136939055166
2024-01-01 05:05:00,23.934225090514207,51.18393737936659
2024-01-01 05:06:00,23.947137346660273,51.162715247878126
2024-01-01 05:07:00,23.956104101252137,51.14147094919033
2024-01-01 05:08:00,23.976381392861807,51.12020488832636
2024-01-01 05:09:00,23.93353240951344,51.09891747072425
2024-01-01 05:10:00,23.941963305806734,51.07760910222925
2024-01-01 05:11:00,23.931951244721322,51.056280189086
2024-01-01 05:12:00,23.981486065405345,51.03493113793085
2024-01-01 05:13:00,23.938347488865553,51.013562355784046
2024-01-01 05:14:00,23.954074969960637,50.99217425004205
2024-01-01 05:15:00,23.9607275485246,50.9707672284697
2024-01-01 05:16:00,23.953195482729434,50.94934169919246
2024-01-01 05:17:00,23.94114014213512,50.92789807068868
2024-01-01 05:18:00,23.996060997550344,50.906436751781726
2024-01-01 05:19:00,23.965204806049844,50.88495815163227
2024-01-01 05:20:00,23.98709095530682,50.86346267973043
2024-01-01 05:21:00,23.94245658584115,50.84195074588799
2024-01-01 05:22:00,23.93357313505625,50.820422760230585
2024-01-01 05:23:00,24.000821312909654,50.79887913318987
2024-01-01 05:24:00,23.97201157832176,50.77732027549572
2024-01-01 05:25:00,23.967665173068692,50.75574659816836
2024-01-01 05:26:00,23.982868317618383,50.73415851251056
2024-01-01 05:27:00,23.962063821593677,50.7125564300998
2024-01-01 05:28:00,23.983151873891796,50.69094076278039
2024-01-01 05:29:00,23.976073611768665,50.669311922655645
2024-01-01 05:30:00,23.966129165499925,50.64767032208002
2024-01-01 05:31:00,23.973526891494885,50.62601637365124
2024-01-01 05:32:00,23.92699757545801,50.60435049020246
2024-01-01 05:33:00,24.047200653251302,50.58267308479436
2024-01-01 05:34:00,23.94446839354754,50.56098457070728
2024-01-01 05:35:00,24.006948348700206,50.539285361433386
2024-01-01 05:36:00,24.038448964872575,50.5175758706687
2024-01-01 05:37:00,23.96596939520517,50.49585651230529
2024-01-01 05:38:00,24.000606090245736,50.47412770042334
2024-01-01 05:39:00,24.03161416129711,50.452389849283264
2024-01-01 05:40:00,23.970811253809696,50.43064337331782
2024-01-01 05:41:00,24.044179192889533,50.40888868712419
2024-01-01 05:42:00,24.004964042802683,50.38712620545608
2024-01-01 05:43:00,24.011042837501435,50.36535634321584
2024-01-01 05:44:00,23.980306341236187,50.34357951544651
2024-01-01 05:45:00,23.985454452831295,50.32179613732391
2024-01-01 05:46:00,24.028657656381824,50.30000662414879
2024-01-01 05:47:00,23.974631910590276,50.27821139133882
2024-01-01 05:48:00,24.037709217882625,50.25641085442075
2024-01-01 05:49:00,24.006532013644613,50.23460542902244
2024-01-01 05:50:00,23.99903745553155,50.21279553086493
2024-01-01 05:51:00,24.0254760910321,50.19098157575456
2024-01-01 05:52:00,23.963697293481825,50.169163979575
2024-01-01 05:53:00,24.012994070797905,50.14734315827936
2024-01-01 05:54:00,24.004209369098778,50.12551952788221
2024-01-01 05:55:00,24.012943223319265,50.10369350445167
2024-01-01 05:56:00,24.033887227602477,50.08186550410152
2024-01-01 05:57:00,23.961045853934323,50.06003594298319
2024-01-01 05:58:00,24.07341426136114,50.03820523727791
2024-01-01 05:59:00,23.991026619384265,50.016373803188685
2024-01-01 06:00:00,24.0136919378533,49.99454205693244
2024-01-01 06:01:00,23.985100152111382,49.97271041473204
2024-01-01 06:02:00,23.98157839473612,49.950879292808345
2024-01-01 06:03:00,24.019508105516845,49.92904910737234
2024-01-01 06:04:00,23.97226970222931,49.90722027461713
2024-01-01 06:05:00,24.007629575149938,49.88539321071003
2024-01-01 06:06:00,23.947824255306575,49.86356833178463
2024-01-01 06:07:00,23.978225447701856,49.84174605393287
2024-01-01 06:08:00,24.018739588021468,49.81992679319711
2024-01-01 06:09:00,23.982349032058465,49.79811096556216
2024-01-01 06:10:00,23.98394138549223,49.77629898694741
2024-01-01 06:11:00,23.979855328095738,49.75449127319885
2024-01-01 06:12:00,23.971716627887155,49.73268824008117
2024-01-01 06:13:00,24.041426331535718,49.7108903032698
2024-01-01 06:14:00,24.012696368990703,49.68909787834304
2024-01-01 06:15:00,23.987516345702208,49.667311380774095
2024-01-01 06:16:00,24.01329276096271,49.64553122592316
2024-01-01 06:17:00,24.00186702816879,49.6237578290295
2024-01-01 06:18:00,23.956985844585926,49.60199160520356
2024-01-01 06:19:00,23.985266492300642,49.580232969419
2024-01-01 06:20:00,23.970878224899447,49.55848233650485
2024-01-01 06:21:00,23.98489429697596,49.536740121137534
2024-01-01 06:22:00,23.998403773479357,49.51500673783301
2024-01-01 06:23:00,23.97022004617673,49.49328260093886
2024-01-01 06:24:00,24.025012583449733,49.47156812462636
2024-01-01 06:25:00,23.92362412366546,49.44986372288263
2024-01-01 06:26:00,23.93373996720524,49.4281698095027
2024-01-01 06:27:00,23.92456529364839,49.406486798081644
2024-01-01 06:28:00,24.030481783952226,49.3848151020067
2024-01-01 06:29:00,23.959155882366993,49.36315513444937
2024-01-01 06:30:00,24.00654965731449,49.34150730835756
2024-01-01 06:31:00,23.984121296130294,49.31987203644768
2024-01-01 06:32:00,23.97429360343116,49.298249731196805
2024-01-01 06:33:00,23.959035603208864,49.276640804834805
2024-01-01 06:34:00,23.98057143063007,49.25504566933648
2024-01-01 06:35:00,23.9555323932337,49.23346473641371
2024-01-01 06:36:00,23.98937689461634,49.21189841750758
2024-01-01 06:37:00,23.920486463638955,49.190347123780576
2024-01-01 06:38:00,23.98334899125581,49.16881126610874
2024-01-01 06:39:00,23.99245326227408,49.1472912550738
2024-01-01 06:40:00,23.96127963144455,49.12578750095539
2024-01-01 06:41:00,23.960979948112094,49.1043004137232
2024-01-01 06:42:00,23.93089385799142,49.082830403029135
2024-01-01 06:43:00,23.9400567861642,49.06137787819958
2024-01-01 06:44:00,23.95292523914991,49.03994324822753
2024-01-01 06:45:00,23.962893630722444,49.01852692176482
2024-01-01 06:46:00,23.910810636859157,48.99712930711432
2024-01-01 06:47:00,23.981272407735382,48.97575081222215
2024-01-01 06:48:00,23.950975341136427,48.95439184466994
2024-01-01 06:49:00,24.02938816922583,48.93305281166703
2024-01-01 06:50:00,23.92714761420987,48.91173412004266
2024-01-01 06:51:00,23.982053234986278,48.89043617623831
2024-01-01 06:52:00,23.937830030796974,48.86915938629989
2024-01-01 06:53:00,23.911765614681602,48.84790415586999
2024-01-01 06:54:00,23.929547781161638,48.8266708901802
2024-01-01 06:55:00,23.90212825064145,48.805459994043325
2024-01-01 06:56:00,23.903741391924243,48.78427187184572
2024-01-01 06:57:00,23.946299638534395,48.76310692753952
2024-01-01 06:58:00,23.902819781533612,48.741965564635
2024-01-01 06:59:00,23.931146325891632,48.720848186192846
2024-01-01 07:00:00,23.931053447926505,48.69975519481648
2024-01-01 07:01:00,23.901803093815754,48.67868699264438
2024-01-01 07:02:00,23.945565418196317,48.65764398134243
2024-01-01 07:03:00,23.921674452863932,48.63662656209623
2024-01-01 07:04:00,23.968787011610754,48.61563513560348
2024-01-01 07:05:00,23.95121352597635,48.59467010206633
2024-01-01 07:06:00,23.89747726877909,48.57373186118374
2024-01-01 07:07:00,23.9143043805716,48.55282081214386
2024-01-01 07:08:00,23.948022903833877,48.53193735361645
2024-01-01 07:09:00,23.858525255392003,48.51108188374523
2024-01-01 07:10:00,23.90017541106379,48.490254800140335
2024-01-01 07:11:00,23.882511158184624,48.4694564998707
2024-01-01 07:12:00,23.95142661280894,48.44868737945652
2024-01-01 07:13:00,23.915110506678815,48.42794783486166
2024-01-01 07:14:00,23.947537946995933,48.40723826148614
2024-01-01 07:15:00,23.873350815036257,48.38655905415856
2024-01-01 07:16:00,23.882264894944406,48.3659106071286
2024-01-01 07:17:00,23.875156118021618,48.34529331405948
2024-01-01 07:18:00,23.89130289560877,48.32470756802049
2024-01-01 07:19:00,23.926361020128574,48.30415376147947
2024-01-01 07:20:00,23.874166422170916,48.28363228629532
2024-01-01 07:21:00,23.88884054083826,48.26314353371054
2024-01-01 07:22:00,23.853225826469835,48.2426878943438
2024-01-01 07:23:00,23.882423789635133,48.22226575818244
2024-01-01 07:24:00,23.81021334835303,48.20187751457507
2024-01-01 07:25:00,23.91759669175459,48.18152355222413
2024-01-01 07:26:00,23.880257804481026,48.16120425917849
2024-01-01 07:27:00,23.867149327316895,48.14092002282607
2024-01-01 07:28:00,23.873988689908472,48.12067122988638
2024-01-01 07:29:00,23.87303631508598,48.10045826640327
2024-01-01 07:30:00,23.852537669470383,48.080281517737454
2024-01-01 07:31:00,23.821275238081004,48.06014136855921
2024-01-01 07:32:00,23.782866100974985,48.04003820284106
2024-01-01 07:33:00,23.82549238739449,48.01997240385044
2024-01-01 07:34:00,23.872599298779843,47.99994435414237
2024-01-01 07:35:00,23.822623634122113,47.97995443555219
2024-01-01 07:36:00,23.83305295662349,47.96000302918827
2024-01-01 07:37:00,23.84791630254023,47.94009051542474
2024-01-01 07:38:00,23.84665973700069,47.92021727389425
2024-01-01 07:39:00,23.791593321402054,47.90038368348071
2024-01-01 07:40:00,23.798698160676174,47.88059012231208
2024-01-01 07:41:00,23.789210299602928,47.86083696775317
2024-01-01 07:42:00,23.8259191541935,47.84112459639845
2024-01-01 07:43:00,23.818621218780514,47.82145338406482
2024-01-01 07:44:00,23.799317415692922,47.801823705784514
2024-01-01 07:45:00,23.794449288150243,47.78223593579792
2024-01-01 07:46:00,23.84710202984346,47.7626904475464
2024-01-01 07:47:00,23.751610904302737,47.74318761366528
2024-01-01 07:48:00,23.753713983245518,47.723727805976615
2024-01-01 07:49:00,23.74660666472451,47.704311395482215
2024-01-01 07:50:00,23.828525121369776,47.68493875235648
2024-01-01 07:51:00,23.7628878791082,47.66561024593942
2024-01-01 07:52:00,23.728439793950514,47.64632624472955
2024-01-01 07:53:00,23.740730492823946,47.62708711637691
2024-01-01 07:54:00,23.77249540804903,47.60789322767603
2024-01-01 07:55:00,23.749412602900485,47.58874494455894
2024-01-01 07:56:00,23.771897047153022,47.5696426320882
2024-01-01 07:57:00,23.774127097284456,47.55058665444995
2024-01-01 07:58:00,23.7305433029967,47.53157737494695
2024-01-01 07:59:00,23.728980174914845,47.51261515599164
2024-01-01 08:00:00,23.738439374223745,47.49370035909928
2024-01-01 08:01:00,23.652617204246223,47.474833344881
2024-01-01 08:02:00,23.700981784188794,47.45601447303697
2024-01-01 08:03:00,23.692833162931997,47.43724410234952
2024-01-01 08:04:00,23.755493926338882,47.41852259067631
2024-01-01 08:05:00,23.741687400580307,47.39985029494348
2024-01-01 08:06:00,23.70990158929066,47.38122757113888
2024-01-01 08:07:00,23.63753382269735,47.36265477430527
2024-01-01 08:08:00,23.682885387921825,47.34413225853356
2024-01-01 08:09:00,23.63223831554867,47.32566037695604
2024-01-01 08:10:00,23.68846186814675,47.30723948173965
2024-01-01 08:11:00,23.67831053161637,47.288869924079286
2024-01-01 08:12:00,23.690695862575975,47.27055205419109
2024-01-01 08:13:00,23.678037279179563,47.25228622130577
2024-01-01 08:14:00,23.675030009790984,47.23407277366197
2024-01-01 08:15:00,23.659370021932013,47.21591205849956
2024-01-01 08:16:00,23.675304417701497,47.1978044220531
2024-01-01 08:17:00,23.695269990009294,47.179750209545205
2024-01-01 08:18:00,23.64058080346253,47.16174976517994
2024-01-01 08:19:00,23.623900664133032,47.1438034321363
2024-01-01 08:20:00,23.629402224465917,47.12591155256163
2024-01-01 08:21:00,23.631553732360736,47.10807446756513
2024-01-01 08:22:00,23.626998158044895,47.09029251721133
2024-01-01 08:23:00,23.650893996246467,47.07256604051361
2024-01-01 08:24:00,23.635623349417887,47.05489537542777
2024-01-01 08:25:00,23.609789242881877,47.037280858845534
2024-01-01 08:26:00,23.545600669585276,47.019722826588165
2024-01-01 08:27:00,23.57334963284369,47.002221613400046
2024-01-01 08:28:00,23.59230778873827,46.98477755294231
2024-01-01 08:29:00,23.636311188504674,46.96739097778646
2024-01-01 08:30:00,23.56282032314756,46.95006221940805
2024-01-01 08:31:00,23.557883696560193,46.932791608180366
2024-01-01 08:32:00,23.542680102608845,46.91557947336808
2024-01-01 08:33:00,23.57058628313928,46.89842614312105
2024-01-01 08:34:00,23.54642409935395,46.881331944468
2024-01-01 08:35:00,23.486531558478983,46.86429720331031
2024-01-01 08:36:00,23.49156219609683,46.84732224441581
2024-01-01 08:37:00,23.573921012831835,46.83040739141258
2024-01-01 08:38:00,23.591402620849042,46.81355296678276
2024-01-01 08:39:00,23.52897762330064,46.79675929185645
2024-01-01 08:40:00,23.58305225596872,46.78002668680554
2024-01-01 08:41:00,23.517862680051472,46.76335547063762
2024-01-01 08:42:00,23.492759333555796,46.746745961189895
2024-01-01 08:43:00,23.503197518276707,46.730198475123146
2024-01-01 08:44:00,23.46730746287278,46.713713327915656
2024-01-01 08:45:00,23.514488724191736,46.69729083385724
2024-01-01 08:46:00,23.45938084770623,46.6809313060432
2024-01-01 08:47:00,23.541238984540502,46.66463505636841
2024-01-01 08:48:00,23.514384485119606,46.64840239552133
2024-01-01 08:49:00,23.46718575119482,46.63223363297811
2024-01-01 08:50:00,23.482595326863,46.61612907699666
2024-01-01 08:51:00,23.507571767160947,46.6000890346108
2024-01-01 08:52:00,23.447679602250155,46.58411381162439
2024-01-01 08:53:00,23.453517581608605,46.56820371260552
2024-01-01 08:54:00,23.501738447360882,46.55235904088069
2024-01-01 08:55:00,23.383820169542314,46.536580098529
2024-01-01 08:56:00,23.473120209497562,46.52086718637644
2024-01-01 08:57:00,23.434805136553923,46.50522060399014
2024-01-01 08:58:00,23.41261807230546,46.48964064967262
2024-01-01 08:59:00,23.37835008482558,46.47412762045617
2024-01-01 09:00:00,23.414346529763133,46.458681812097126
2024-01-01 09:01:00,23.437646424204953,46.44330351907026
2024-01-01 09:02:00,23.42715450148296,46.42799303456318
2024-01-01 09:03:00,23.387032187870133,46.4127506504707
2024-01-01 09:04:00,23.387604441922083,46.39757665738931
2024-01-01 09:05:00,23.397355901235393,46.382471344611616
2024-01-01 09:06:00,23.365209337595786,46.36743500012084
2024-01-01 09:07:00,23.32087518533065,46.352467910585325
2024-01-01 09:08:00,23.35593829864236,46.33757036135305
2024-01-01 09:09:00,23.381468114072295,46.32274263644622
2024-01-01 09:10:00,23.352076632736452,46.30798501855583
2024-01-01 09:11:00,23.33372462005643,46.293297789036295
2024-01-01 09:12:00,23.316105376521023,46.27868122790005
2024-01-01 09:13:00,23.337230755595037,46.26413561381226
2024-01-01 09:14:00,23.32140588336513,46.24966122408547
2024-01-01 09:15:00,23.31471881254052,46.23525833467433
2024-01-01 09:16:00,23.333649071129912,46.22092722017034
2024-01-01 09:17:00,23.30699125923587,46.2066681537966
2024-01-01 09:18:00,23.258271743326297,46.192481407402624
2024-01-01 09:19:00,23.261084336003478,46.178367251459136
2024-01-01 09:20:00,23.274302178294697,46.16432595505293
2024-01-01 09:21:00,23.263629331270447,46.150357785881695
2024-01-01 09:22:00,23.266021446051735,46.136463010249
2024-01-01 09:23:00,23.331467119467497,46.122641893059125
2024-01-01 09:24:00,23.249032073344022,46.10889469781207
2024-01-01 09:25:00,23.263779493060742,46.09522168659851
2024-01-01 09:26:00,23.26155120655838,46.081623120094775
2024-01-01 09:27:00,23.283396301157055,46.06809925755793
2024-01-01 09:28:00,23.23858347733469,46.054650356820815
2024-01-01 09:29:00,23.29374083969658,46.04127667428709
2024-01-01 09:30:00,23.232578457809932,46.0279784649264
2024-01-01 09:31:00,23.22778314402811,46.01475598226948
2024-01-01 09:32:00,23.185520315242467,46.00160947840334
2024-01-01 09:33:00,23.202733779182424,45.98853920396645
2024-01-01 09:34:00,23.160010385638927,45.97554540814398
2024-01-01 09:35:00,23.237204134234222,45.962628338663
2024-01-01 09:36:00,23.16378178614251,45.94978824178781
2024-01-01 09:37:00,23.160459960450133,45.937025362315225
2024-01-01 09:38:00,23.121545868131076,45.92433994356991
2024-01-01 09:39:00,23.116242919865496,45.911732227399725
2024-01-01 09:40:00,23.161234274361192,45.89920245417115
2024-01-01 09:41:00,23.179508328679212,45.88675086276466
2024-01-01 09:42:00,23.122177783991695,45.87437769057021
2024-01-01 09:43:00,23.16326517424381,45.862083173482674
2024-01-01 09:44:00,23.134483789711126,45.84986754589737
2024-01-01 09:45:00,23.151960916873406,45.83773104070558
2024-01-01 09:46:00,23.109998773557702,45.82567388929014
2024-01-01 09:47:00,23.08197503284796,45.813696321520965
2024-01-01 09:48:00,23.065377863010994,45.80179856575073
2024-01-01 09:49:00,23.074046945772658,45.7899808488105
2024-01-01 09:50:00,23.059462195318645,45.77824339600538
2024-01-01 09:51:00,23.019435456010793,45.76658643111024
2024-01-01 09:52:00,23.10690083241028,45.75501017636544
2024-01-01 09:53:00,23.097197794094775,45.74351485247262
2024-01-01 09:54:00,23.052437218002346,45.73210067859045
2024-01-01 09:55:00,23.049884081379417,45.72076787233048
2024-01-01 09:56:00,23.0400791400225,45.70951664975299
2024-01-01 09:57:00,23.00319716411009,45.69834722536286
2024-01-01 09:58:00,23.05608663389715,45.68725981210548
2024-01-01 09:59:00,23.026046079968523,45.676254621362695
2024-01-01 10:00:00,22.98024461303647,45.66533186294879
2024-01-01 10:01:00,23.02857935930626,45.654491745106455
2024-01-01 10:02:00,23.01516384358925,45.64373447450286
2024-01-01 10:03:00,22.96658153416755,45.63306025622565
2024-01-01 10:04:00,22.95670554633634,45.62246929377913
2024-01-01 10:05:00,22.997188829251076,45.6119617890803
2024-01-01 10:06:00,22.927243596971024,45.60153794245501
2024-01-01 10:07:00,22.987808198971,45.59119795263421
2024-01-01 10:08:00,22.894223418774303,45.5809420167501
2024-01-01 10:09:00,22.943506733951565,45.57077033033239
2024-01-01 10:10:00,22.89846169605405,45.56068308730457
2024-01-01 10:11:00,22.89403508749691,45.550680479980215
2024-01-01 10:12:00,22.882587685803916,45.540762699059314
2024-01-01 10:13:00,22.937665804190072,45.53092993362466
2024-01-01 10:14:00,22.869554498582463,45.52118237113819
2024-01-01 10:15:00,22.856780132787698,45.51152019743746
2024-01-01 10:16:00,22.888910350036525,45.5019435967321
2024-01-01 10:17:00,22.872604662779636,45.49245275160027
2024-01-01 10:18:00,22.89104028847528,45.4830478429852
2024-01-01 10:19:00,22.88087504977794,45.473729050191736
2024-01-01 10:20:00,22.80914502398814,45.46449655088293
2024-01-01 10:21:00,22.811169742908778,45.45535052107666
2024-01-01 10:22:00,22.864819266872583,45.44629113514223
2024-01-01 10:23:00,22.819826846012102,45.437318565797085
2024-01-01 10:24:00,22.788788352613622,45.42843298410354
2024-01-01 10:25:00,22.804614636215735,45.41963455946544
2024-01-01 10:26:00,22.83370703969429,45.410923459625
2024-01-01 10:27:00,22.75840845559411,45.40229985065961
2024-01-01 10:28:00,22.833835172136553,45.3937638969786
2024-01-01 10:29:00,22.763608199261736,45.38531576132018
2024-01-01 10:30:00,22.695303782557165,45.37695560474829
2024-01-01 10:31:00,22.725113839248984,45.36868358664957
2024-01-01 10:32:00,22.719469290805506,45.36049986473025
2024-01-01 10:33:00,22.69615580585561,45.35240459501325
2024-01-01 10:34:00,22.701106010809262,45.344397931835104
2024-01-01 10:35:00,22.748120900417376,45.33648002784308
2024-01-01 10:36:00,22.69344100294195,45.32865103399224
2024-01-01 10:37:00,22.731333596865962,45.32091109954258
2024-01-01 10:38:00,22.641987927393536,45.31326037205616
2024-01-01 10:39:00,22.720539447828546,45.30569899739433
2024-01-01 10:40:00,22.702659011597298,45.2982271197149
2024-01-01 10:41:00,22.6942858919302,45.29084488146945
2024-01-01 10:42:00,22.656916750696496,45.283552423400536
2024-01-01 10:43:00,22.683835671755446,45.2763498845391
2024-01-01 10:44:00,22.58109593881832,45.26923740220175
2024-01-01 10:45:00,22.604054031147175,45.26221511198816
2024-01-01 10:46:00,22.645124363470952,45.255283147778485
2024-01-01 10:47:00,22.648232338070788,45.24844164173083
2024-01-01 10:48:00,22.565623090204543,45.2416907242787
2024-01-01 10:49:00,22.58780640929117,45.235030524128526
2024-01-01 10:50:00,22.632051724164544,45.22846116825722
2024-01-01 10:51:00,22.562479901753775,45.22198278190973
2024-01-01 10:52:00,22.59821728046551,45.21559548859669
2024-01-01 10:53:00,22.570207561964096,45.209299410092015
2024-01-01 10:54:00,22.520302557682985,45.20309466643063
2024-01-01 10:55:00,22.548419578636267,45.19698137590614
2024-01-01 10:56:00,22.57966909334902,45.19095965506862
2024-01-01 10:57:00,22.5222603508713,45.18502961872233
2024-01-01 10:58:00,22.570538846093605,45.1791913799236
2024-01-01 10:59:00,22.578452966123496,45.1734450499786
2024-01-01 11:00:00,22.52098542483811,45.1677907384413
2024-01-01 11:01:00,22.53360124436411,45.16222855311128
2024-01-01 11:02:00,22.508127133387184,45.15675860003178
2024-01-01 11:03:00,22.479877235393158,45.15138098348761
2024-01-01 11:04:00,22.54197214405197,45.14609580600318
2024-01-01 11:05:00,22.455216839613964,45.14090316834055
2024-01-01 11:06:00,22.476417720142766,45.13580316949751
2024-01-01 11:07:00,22.415868531680626,45.13079590670567
2024-01-01 11:08:00,22.38902217198272,45.125881475428656
2024-01-01 11:09:00,22.440214567132188,45.12105996936023
2024-01-01 11:10:00,22.466530240561145,45.11633148042254
2024-01-01 11:11:00,22.381421406439618,45.11169609876436
2024-01-01 11:12:00,22.42061813158172,45.10715391275939
2024-01-01 11:13:00,22.413352039560102,45.10270500900452
2024-01-01 11:14:00,22.379466392574184,45.09834947231823
2024-01-01 11:15:00,22.412016996342995,45.09408738573895
2024-01-01 11:16:00,22.383516786806208,45.08991883052349
2024-01-01 11:17:00,22.338430685849136,45.08584388614547
2024-01-01 11:18:00,22.392382871676965,45.08186263029381
2024-01-01 11:19:00,22.322476377419267,45.07797513887129
2024-01-01 11:20:00,22.347395800015857,45.07418148599302
2024-01-01 11:21:00,22.351766573730124,45.07048174398511
2024-01-01 11:22:00,22.35957763027006,45.066875983383255
2024-01-01 11:23:00,22.29802229798348,45.06336427293138
2024-01-01 11:24:00,22.322543669810056,45.059946679580335
2024-01-01 11:25:00,22.29887042282402,45.05662326848664
2024-01-01 11:26:00,22.291103164240326,45.05339410301122
2024-01-01 11:27:00,22.272265406449428,45.05025924471821
2024-01-01 11:28:00,22.241082685443,45.04721875337378
2024-01-01 11:29:00,22.32243286512552,45.04427268694498
2024-01-01 11:30:00,22.306552850523342,45.04142110159864
2024-01-01 11:31:00,22.26475617758342,45.03866405170032
2024-01-01 11:32:00,22.196468499002453,45.03600158981326
2024-01-01 11:33:00,22.20354596325928,45.03343376669737
2024-01-01 11:34:00,22.255662077887376,45.03096063130828
2024-01-01 11:35:00,22.196488084873508,45.02858223079636
2024-01-01 11:36:00,22.185957023659284,45.02629861050591
2024-01-01 11:37:00,22.185102960616796,45.024109813974206
2024-01-01 11:38:00,22.188128349947345,45.02201588293072
2024-01-01 11:39:00,22.196347568153165,45.02001685729631
2024-01-01 11:40:00,22.14537415681999,45.01811277518243
2024-01-01 11:41:00,22.18248357493738,45.0163036728905
2024-01-01 11:42:00,22.150962910514487,45.01458958491108
2024-01-01 11:43:00,22.152151265570026,45.01297054392331
2024-01-01 11:44:00,22.170425501725614,45.01144658079426
2024-01-01 11:45:00,22.128203662644847,45.010017724578326
2024-01-01 11:46:00,22.143018829659557,45.008684002516695
2024-01-01 11:47:00,22.093606690838833,45.00744544003681
2024-01-01 11:48:00,22.1086224645345,45.00630206075191
2024-01-01 11:49:00,22.087129250135284,45.005253886460544
2024-01-01 11:50:00,22.03042656685863,45.00430093714618
2024-01-01 11:51:00,22.072166312659135,45.00344323097685
2024-01-01 11:52:00,22.10810376992538,45.00268078430472
2024-01-01 11:53:00,22.063552841465953,45.002013611665866
2024-01-01 11:54:00,22.04850443950585,45.00144172577996
2024-01-01 11:55:00,22.034223606079596,45.00096513755
2024-01-01 11:56:00,22.002707336676448,45.000583856062185
2024-01-01 11:57:00,22.069773927982965,45.00029788858564
2024-01-01 11:58:00,22.015754964034592,45.00010724057235
2024-01-01 11:59:00,22.032278014899642,45.00001191565701
2024-01-01 12:00:00,22.0091777333117,45.00001191565701
2024-01-01 12:01:00,21.977947627954098,45.00010724057235
2024-01-01 12:02:00,21.971464556252535,45.00029788858564
2024-01-01 12:03:00,21.945601297537177,45.000583856062185
2024-01-01 12:04:00,21.948172311208083,45.00096513755
2024-01-01 12:05:00,21.986738381273135,45.00144172577996
2024-01-01 12:06:00,21.942598305703722,45.002013611665866
2024-01-01 12:07:00,21.92181431970028,45.00268078430472
2024-01-01 12:08:00,21.970651195487534,45.00344323097685
2024-01-01 12:09:00,21.912382325282397,45.00430093714618
2024-01-01 12:10:00,21.89086306501395,45.005253886460544
2024-01-01 12:11:00,21.94978301086041,45.00630206075191
2024-01-01 12:12:00,21.86978342489037,45.00744544003681
2024-01-01 12:13:00,21.907609516360747,45.008684002516695
2024-01-01 12:14:00,21.89529908896186,45.010017724578326
2024-01-01 12:15:00,21.884786160366907,45.01144658079426
2024-01-01 12:16:00,21.83624452592319,45.01297054392331
2024-01-01 12:17:00,21.88923151802774,45.01458958491108
2024-01-01 12:18:00,21.858421496156332,45.0163036728905
2024-01-01 12:19:00,21.860450920383673,45.01811277518243
2024-01-01 12:20:00,21.766175750587657,45.0200168572963
2024-01-01 12:21:00,21.780715212448772,45.02201588293072
2024-01-01 12:22:00,21.792335541091028,45.024109813974206
2024-01-01 12:23:00,21.79254173849345,45.02629861050591
2024-01-01 12:24:00,21.813662359395476,45.02858223079636
2024-01-01 12:25:00,21.784026353307862,45.03096063130828
2024-01-01 12:26:00,21.77664540727621,45.03343376669737
2024-01-01 12:27:00,21.813415808435064,45.03600158981326
2024-01-01 12:28:00,21.742898792637604,45.03866405170032
2024-01-01 12:29:00,21.7432781338819,45.04142110159864
2024-01-01 12:30:00,21.765584031509007,45.04427268694498
2024-01-01 12:31:00,21.722027264094383,45.04721875337378
2024-01-01 12:32:00,21.72198506715822,45.05025924471821
2024-01-01 12:33:00,21.67794119306636,45.05339410301122
2024-01-01 12:34:00,21.662243510991125,45.05662326848664
2024-01-01 12:35:00,21.66614464982848,45.059946679580335
2024-01-01 12:36:00,21.718157759802114,45.06336427293138
2024-01-01 12:37:00,21.681054590544854,45.066875983383255
2024-01-01 12:38:00,21.65054162760581,45.07048174398511
2024-01-01 12:39:00,21.685225168724028,45.07418148599302
2024-01-01 12:40:00,21.623925759321327,45.07797513887129
2024-01-01 12:41:00,21.61229767341965,45.08186263029381
2024-01-01 12:42:00,21.607334179607328,45.08584388614547
2024-01-01 12:43:00,21.591488119509478,45.08991883052349
2024-01-01 12:44:00,21.55717003882437,45.09408738573895
2024-01-01 12:45:00,21.616867993162675,45.09834947231823
2024-01-01 12:46:00,21.52067773305789,45.10270500900452
2024-01-01 12:47:00,21.6191372548045,45.10715391275939
2024-01-01 12:48:00,21.644735677395424,45.11169609876436
2024-01-01 12:49:00,21.582225408511775,45.11633148042254
2024-01-01 12:50:00,21.59793999688023,45.12105996936023
2024-01-01 12:51:00,21.52959273221727,45.125881475428656
2024-01-01 12:52:00,21.573443990570052,45.13079590670567
2024-01-01 12:53:00,21.567753733364185,45.13580316949751
2024-01-01 12:54:00,21.50655154152492,45.14090316834055
2024-01-01 12:55:00,21.508801495594167,45.14609580600318
2024-01-01 12:56:00,21.503532921010887,45.15138098348761
2024-01-01 12:57:00,21.495468436314464,45.15675860003178
2024-01-01 12:58:00,21.56997386603836,45.16222855311128
2024-01-01 12:59:00,21.52418774844191,45.16779073844129
2024-01-01 13:00:00,21.50697650645461,45.1734450499786
2024-01-01 13:01:00,21.494894741518962,45.1791913799236
2024-01-01 13:02:00,21.460062855155723,45.18502961872233
2024-01-01 13:03:00,21.44509490675202,45.19095965506862
2024-01-01 13:04:00,21.44154494126826,45.19698137590614
2024-01-01 13:05:00,21.423118242291036,45.20309466643063
2024-01-01 13:06:00,21.414717470493876,45.209299410092015
2024-01-01 13:07:00,21.423036179053014,45.21559548859669
2024-01-01 13:08:00,21.378392315467778,45.22198278190973
2024-01-01 13:09:00,21.372956194002374,45.22846116825722
2024-01-01 13:10:00,21.421419629651282,45.235030524128526
2024-01-01 13:11:00,21.43232902072978,45.2416907242787
2024-01-01 13:12:00,21.366812492525987,45.24844164173083
2024-01-01 13:13:00,21.370896676867094,45.255283147778485
2024-01-01 13:14:00,21.347202759858487,45.26221511198816
2024-01-01 13:15:00,21.305532276291043,45.26923740220175
2024-01-01 13:16:00,21.34694716208395,45.2763498845391
2024-01-01 13:17:00,21.29499053804158,45.283552423400536
2024-01-01 13:18:00,21.29659057281617,45.29084488146945
2024-01-01 13:19:00,21.313832117923898,45.2982271197149
2024-01-01 13:20:00,21.33137633635106,45.30569899739433
2024-01-01 13:21:00,21.319801442278973,45.31326037205616
2024-01-01 13:22:00,21.284313900695008,45.32091109954258
2024-01-01 13:23:00,21.271326164399596,45.32865103399224
2024-01-01 13:24:00,21.27741821307061,45.33648002784308
2024-01-01 13:25:00,21.243305944206046,45.344397931835104
2024-01-01 13:26:00,21.260423547761818,45.35240459501325
2024-01-01 13:27:00,21.308185195223103,45.36049986473025
2024-01-01 13:28:00,21.28681536892247,45.36868358664956
2024-01-01 13:29:00,21.25733849435889,45.37695560474829
2024-01-01 13:30:00,21.207877312374208,45.38531576132018
2024-01-01 13:31:00,21.239894387755083,45.3937638969786
2024-01-01 13:32:00,21.240672268724794,45.40229985065961
2024-01-01 13:33:00,21.15671354975331,45.410923459625
2024-01-01 13:34:00,21.156221612569098,45.41963455946544
2024-01-01 13:35:00,21.213854124671954,45.42843298410354
2024-01-01 13:36:00,21.236756501495865,45.437318565797085
2024-01-01 13:37:00,21.18295430603843,45.44629113514223
2024-01-01 13:38:00,21.145713005956384,45.45535052107666
2024-01-01 13:39:00,21.16809819681956,45.46449655088293
2024-01-01 13:40:00,21.140350732597753,45.473729050191736
2024-01-01 13:41:00,21.154813515167678,45.4830478429852
2024-01-01 13:42:00,21.19206413161519,45.49245275160027
2024-01-01 13:43:00,21.11005932439933,45.5019435967321
2024-01-01 13:44:00,21.124006230359573,45.51152019743746
2024-01-01 13:45:00,21.146744915715537,45.52118237113819
2024-01-01 13:46:00,21.096319297260088,45.53092993362466
2024-01-01 13:47:00,21.12211549331124,45.540762699059314
2024-01-01 13:48:00,21.009295829911,45.550680479980215
2024-01-01 13:49:00,21.111722263441855,45.56068308730457
2024-01-01 13:50:00,21.09176044246965,45.57077033033239
2024-01-01 13:51:00,21.125421783876522,45.5809420167501
2024-01-01 13:52:00,21.06226885629535,45.59119795263421
2024-01-01 13:53:00,21.090723771637943,45.60153794245501
2024-01-01 13:54:00,21.045439336415257,45.6119617890803
2024-01-01 13:55:00,21.078212171618226,45.62246929377913
2024-01-01 13:56:00,21.056520133472922,45.63306025622565
2024-01-01 13:57:00,21.0239871856319,45.64373447450286
2024-01-01 13:58:00,20.989936508312923,45.654491745106455
2024-01-01 13:59:00,20.982036997246112,45.66533186294879
2024-01-01 14:00:00,20.949528671005872,45.676254621362695
2024-01-01 14:01:00,20.963002041907718,45.68725981210548
2024-01-01 14:02:00,20.986519096940516,45.69834722536286
2024-01-01 14:03:00,20.966699474868058,45.70951664975299
2024-01-01 14:04:00,20.957053934678484,45.72076787233048
2024-01-01 14:05:00,21.033340211229913,45.73210067859045
2024-01-01 14:06:00,20.93029792799033,45.743514852472615
2024-01-01 14:07:00,20.95614318846898,45.75501017636544
2024-01-01 14:08:00,20.936006565078266,45.76658643111024
2024-01-01 14:09:00,20.931688582715285,45.77824339600538
2024-01-01 14:10:00,20.907781005966726,45.7899808488105
2024-01-01 14:11:00,20.91768412613385,45.80179856575073
2024-01-01 14:12:00,20.929851595334778,45.81369632152096
2024-01-01 14:13:00,20.88443229589273,45.82567388929014
2024-01-01 14:14:00,20.868775672737346,45.83773104070558
2024-01-01 14:15:00,20.857560120819457,45.84986754589737
2024-01-01 14:16:00,20.862412710722342,45.862083173482674
2024-01-01 14:17:00,20.8471892116961,45.87437769057021
2024-01-01 14:18:00,20.857713272006606,45.88675086276466
2024-01-01 14:19:00,20.861677597669775,45.899202454171146
2024-01-01 14:20:00,20.8420360626839,45.911732227399725
2024-01-01 14:21:00,20.79786863443664,45.92433994356991
2024-01-01 14:22:00,20.86649556631538,45.93702536231522
2024-01-01 14:23:00,20.820707050216814,45.9497882417878
2024-01-01 14:24:00,20.77549408433014,45.962628338663
2024-01-01 14:25:00,20.847369213130538,45.97554540814397
2024-01-01 14:26:00,20.81817652289656,45.98853920396645
2024-01-01 14:27:00,20.766281989143607,46.00160947840334
2024-01-01 14:28:00,20.77068976258345,46.01475598226948
2024-01-01 14:29:00,20.784864004767158,46.02797846492639
2024-01-01 14:30:00,20.80231328692422,46.04127667428709
2024-01-01 14:31:00,20.72742267207347,46.054650356820815
2024-01-01 14:32:00,20.80844946400128,46.06809925755793
2024-01-01 14:33:00,20.7659398617404,46.081623120094775
2024-01-01 14:34:00,20.722383364968966,46.09522168659851
2024-01-01 14:35:00,20.74232756910563,46.10889469781207
2024-01-01 14:36:00,20.66980106550492,46.122641893059125
2024-01-01 14:37:00,20.73315434063205,46.136463010249
2024-01-01 14:38:00,20.71321169557626,46.150357785881695
2024-01-01 14:39:00,20.751635911606233,46.16432595505293
2024-01-01 14:40:00,20.710156493418452,46.178367251459136
2024-01-01 14:41:00,20.70167376315587,46.192481407402624
2024-01-01 14:42:00,20.69081248964062,46.2066681537966
2024-01-01 14:43:00,20.688339410456972,46.22092722017034
2024-01-01 14:44:00,20.699768574838366,46.23525833467433
2024-01-01 14:45:00,20.71332976429371,46.24966122408547
2024-01-01 14:46:00,20.679622776866307,46.26413561381226
2024-01-01 14:47:00,20.624626501621826,46.27868122790005
2024-01-01 14:48:00,20.64528237762206,46.293297789036295
2024-01-01 14:49:00,20.681682648127325,46.30798501855583
2024-01-01 14:50:00,20.656795734687737,46.32274263644622
2024-01-01 14:51:00,20.613741218568276,46.33757036135305
2024-01-01 14:52:00,20.61912753718957,46.352467910585325
2024-01-01 14:53:00,20.634369186386746,46.36743500012084
2024-01-01 14:54:00,20.669103050427587,46.382471344611616
2024-01-01 14:55:00,20.565951052268407,46.39757665738931
2024-01-01 14:56:00,20.643406138504346,46.4127506504707
2024-01-01 14:57:00,20.57646730679264,46.42799303456318
2024-01-01 14:58:00,20.608135680223,46.44330351907026
2024-01-01 14:59:00,20.557857963824297,46.45868181209712
2024-01-01 15:00:00,20.619824936881162,46.474127620456166
2024-01-01 15:01:00,20.53103629660819,46.48964064967262
2024-01-01 15:02:00,20.54528568451533,46.50522060399014
2024-01-01 15:03:00,20.573251469285736,46.52086718637644
2024-01-01 15:04:00,20.638428711599403,46.536580098529
2024-01-01 15:05:00,20.55591219511725,46.55235904088069
2024-01-01 15:06:00,20.567231693086498,46.56820371260552
2024-01-01 15:07:00,20.590632168131318,46.58411381162439
2024-01-01 15:08:00,20.558526741418227,46.6000890346108
2024-01-01 15:09:00,20.567345444977068,46.61612907699666
2024-01-01 15:10:00,20.49761542863236,46.63223363297811
2024-01-01 15:11:00,20.496891879345277,46.64840239552133
2024-01-01 15:12:00,20.510471277730304,46.66463505636841
2024-01-01 15:13:00,20.50215824108812,46.6809313060432
2024-01-01 15:14:00,20.47387184568119,46.69729083385724
2024-01-01 15:15:00,20.50250119269221,46.713713327915656
2024-01-01 15:16:00,20.488825527811475,46.73019847512314
2024-01-01 15:17:00,20.525920153906217,46.746745961189895
2024-01-01 15:18:00,20.517277680940456,46.76335547063761
2024-01-01 15:19:00,20.468738537662908,46.78002668680554
2024-01-01 15:20:00,20.434705905794868,46.796759291856446
2024-01-01 15:21:00,20.455186712950177,46.81355296678276
2024-01-01 15:22:00,20.457824535882274,46.83040739141258
2024-01-01 15:23:00,20.473119666965488,46.84732224441581
2024-01-01 15:24:00,20.437806414215245,46.86429720331031
2024-01-01 15:25:00,20.520731909646326,46.881331944468
2024-01-01 15:26:00,20.43500731475992,46.89842614312105
2024-01-01 15:27:00,20.3978852006754,46.91557947336808
2024-01-01 15:28:00,20.429906514943493,46.932791608180366
2024-01-01 15:29:00,20.405188829596412,46.95006221940806
2024-01-01 15:30:00,20.43218372361031,46.96739097778646
2024-01-01 15:31:00,20.426519204913024,46.98477755294231
2024-01-01 15:32:00,20.425338210539657,47.00222161340004
2024-01-01 15:33:00,20.378454238198596,47.019722826588165
2024-01-01 15:34:00,20.396464702747725,47.037280858845534
2024-01-01 15:35:00,20.378501518191545,47.05489537542777
2024-01-01 15:36:00,20.33440448061705,47.072566040513614
2024-01-01 15:37:00,20.40315531024931,47.09029251721133
2024-01-01 15:38:00,20.36207708694558,47.10807446756513
2024-01-01 15:39:00,20.350123467727695,47.12591155256163
2024-01-01 15:40:00,20.356486368395487,47.1438034321363
2024-01-01 15:41:00,20.30792710339633,47.16174976517995
2024-01-01 15:42:00,20.27952529761412,47.179750209545205
2024-01-01 15:43:00,20.32051326019717,47.1978044220531
2024-01-01 15:44:00,20.396889155342077,47.21591205849956
2024-01-01 15:45:00,20.307397782960145,47.23407277366197
2024-01-01 15:46:00,20.298919553559273,47.25228622130577
2024-01-01 15:47:00,20.378397314725593,47.270552054191086
2024-01-01 15:48:00,20.358669416309223,47.288869924079286
2024-01-01 15:49:00,20.326797376157757,47.30723948173964
2024-01-01 15:50:00,20.314239118903014,47.32566037695604
2024-01-01 15:51:00,20.320614491508845,47.34413225853356
2024-01-01 15:52:00,20.312677578432545,47.36265477430527
2024-01-01 15:53:00,20.28449700781699,47.38122757113888
2024-01-01 15:54:00,20.2806401089421,47.39985029494348
2024-01-01 15:55:00,20.277606146186514,47.41852259067631
2024-01-01 15:56:00,20.26352519995812,47.43724410234952
2024-01-01 15:57:00,20.242747315266996,47.45601447303697
2024-01-01 15:58:00,20.281051098116002,47.474833344881
2024-01-01 15:59:00,20.26085980225792,47.49370035909928
2024-01-01 16:00:00,20.286002802562592,47.51261515599164
2024-01-01 16:01:00,20.242903209402517,47.53157737494694
2024-01-01 16:02:00,20.263362968738807,47.55058665444995
2024-01-01 16:03:00,20.26438327677172,47.5696426320882
2024-01-01 16:04:00,20.234448708941102,47.58874494455893
2024-01-01 16:05:00,20.255554107361363,47.60789322767603
2024-01-01 16:06:00,20.2710701314217,47.62708711637691
2024-01-01 16:07:00,20.25325810115695,47.64632624472955
2024-01-01 16:08:00,20.25589620299388,47.66561024593942
2024-01-01 16:09:00,20.233020652545033,47.68493875235648
2024-01-01 16:10:00,20.1858887551333,47.704311395482215
2024-01-01 16:11:00,20.217724404835046,47.723727805976615
2024-01-01 16:12:00,20.194247011271788,47.74318761366528
2024-01-01 16:13:00,20.24824899199343,47.7626904475464
2024-01-01 16:14:00,20.17168914728703,47.78223593579792
2024-01-01 16:15:00,20.152472443655448,47.801823705784514
2024-01-01 16:16:00,20.18280332482426,47.82145338406482
2024-01-01 16:17:00,20.171959524578856,47.84112459639845
2024-01-01 16:18:00,20.17008774822224,47.86083696775317
2024-01-01 16:19:00,20.185281126174043,47.88059012231208
2024-01-01 16:20:00,20.26376164546148,47.90038368348071
2024-01-01 16:21:00,20.213304206469957,47.92021727389425
2024-01-01 16:22:00,20.11677665807206,47.94009051542475
2024-01-01 16:23:00,20.18271374243155,47.96000302918827
2024-01-01 16:24:00,20.169969421645586,47.97995443555219
2024-01-01 16:25:00,20.200922602489037,47.999944354142364
2024-01-01 16:26:00,20.19094125090119,48.01997240385044
2024-01-01 16:27:00,20.136705675889445,48.04003820284106
2024-01-01 16:28:00,20.14671045785432,48.06014136855921
2024-01-01 16:29:00,20.181533939901747,48.080281517737454
2024-01-01 16:30:00,20.168611852326535,48.10045826640327
2024-01-01 16:31:00,20.154574906611174,48.12067122988638
2024-01-01 16:32:00,20.150295839761643,48.14092002282606
2024-01-01 16:33:00,20.122162027009228,48.16120425917849
2024-01-01 16:34:00,20.069613996927504,48.18152355222413
2024-01-01 16:35:00,20.128552047092466,48.20187751457507
2024-01-01 16:36:00,20.149379532408194,48.22226575818244
2024-01-01 16:37:00,20.128677959634746,48.2426878943438
2024-01-01 16:38:00,20.11940525777919,48.26314353371054
2024-01-01 16:39:00,20.11883410469455,48.28363228629532
2024-01-01 16:40:00,20.158356502538858,48.30415376147947
2024-01-01 16:41:00,20.109505864890913,48.32470756802049
2024-01-01 16:42:00,20.074592596962923,48.34529331405948
2024-01-01 16:43:00,20.121855640892985,48.3659106071286
2024-01-01 16:44:00,20.096159960333306,48.38655905415855
2024-01-01 16:45:00,20.090402861445586,48.40723826148614
2024-01-01 16:46:00,20.048225657815394,48.42794783486166
2024-01-01 16:47:00,20.07065340463765,48.44868737945652
2024-01-01 16:48:00,20.105751230394667,48.4694564998707
2024-01-01 16:49:00,20.082706841055685,48.49025480014033
2024-01-01 16:50:00,20.113647098562122,48.51108188374523
2024-01-01 16:51:00,20.076922305932065,48.53193735361644
2024-01-01 16:52:00,20.091602172877817,48.55282081214386
2024-01-01 16:53:00,20.036862179415884,48.57373186118374
2024-01-01 16:54:00,20.117755492930815,48.59467010206633
2024-01-01 16:55:00,20.039936565004524,48.61563513560348
2024-01-01 16:56:00,20.055727758835108,48.63662656209623
2024-01-01 16:57:00,20.09384023992975,48.65764398134242
2024-01-01 16:58:00,20.058376126582203,48.67868699264438
2024-01-01 16:59:00,20.082053784160955,48.69975519481648
2024-01-01 17:00:00,20.05692601883209,48.720848186192846
2024-01-01 17:01:00,20.0321526107984,48.741965564635
2024-01-01 17:02:00,20.07944337653503,48.76310692753952
2024-01-01 17:03:00,20.057117615149167,48.78427187184571
2024-01-01 17:04:00,20.083622500274924,48.805459994043325
2024-01-01 17:05:00,20.047074219138402,48.8266708901802
2024-01-01 17:06:00,20.018698173649593,48.84790415586998
2024-01-01 17:07:00,20.045281222222723,48.86915938629989
2024-01-01 17:08:00,20.0445359406966,48.8904361762383
2024-01-01 17:09:00,20.02481690727958,48.91173412004265
2024-01-01 17:10:00,20.068083128132237,48.93305281166702
2024-01-01 17:11:00,20.031380373692727,48.95439184466994
2024-01-01 17:12:00,20.072507379039905,48.97575081222215
2024-01-01 17:13:00,20.074849128639787,48.99712930711431
2024-01-01 17:14:00,20.069373504283607,49.01852692176482
2024-01-01 17:15:00,20.04935528194173,49.03994324822752
2024-01-01 17:16:00,20.0582877394226,49.06137787819958
2024-01-01 17:17:00,20.04614699846012,49.082830403029135
2024-01-01 17:18:00,20.001365826211522,49.10430041372319
2024-01-01 17:19:00,20.011096923776172,49.12578750095539
2024-01-01 17:20:00,20.01464860912177,49.1472912550738
2024-01-01 17:21:00,20.070237432655183,49.16881126610874
2024-01-01 17:22:00,19.95323419445414,49.190347123780576
2024-01-01 17:23:00,20.06435894988127,49.21189841750758
2024-01-01 17:24:00,20.023081694979137,49.23346473641371
2024-01-01 17:25:00,19.99778902084348,49.25504566933648
2024-01-01 17:26:00,19.998365238440496,49.276640804834805
2024-01-01 17:27:00,20.02629504604358,49.298249731196805
2024-01-01 17:28:00,19.980184151488793,49.31987203644768
2024-01-01 17:29:00,20.0108056279659,49.34150730835756
2024-01-01 17:30:00,20.034386493819035,49.36315513444937
2024-01-01 17:31:00,20.017559526569055,49.3848151020067
2024-01-01 17:32:00,19.956550737593332,49.40648679808164
2024-01-01 17:33:00,20.03938026017261,49.42816980950269
2024-01-01 17:34:00,19.978914597430258,49.44986372288263
2024-01-01 17:35:00,20.02101465835083,49.47156812462636
2024-01-01 17:36:00,19.951990904494274,49.49328260093886
2024-01-01 17:37:00,20.06301358572917,49.51500673783301
2024-01-01 17:38:00,20.02199386734828,49.536740121137534
2024-01-01 17:39:00,19.98482828489218,49.558482336504845
2024-01-01 17:40:00,20.046033205260432,49.580232969419
2024-01-01 17:41:00,19.987826949030552,49.60199160520356
2024-01-01 17:42:00,19.995675178624047,49.6237578290295
2024-01-01 17:43:00,20.02137329836162,49.64553122592316
2024-01-01 17:44:00,19.946779087355196,49.667311380774095
2024-01-01 17:45:00,19.99279264474243,49.68909787834304
2024-01-01 17:46:00,19.964428686674335,49.7108903032698
2024-01-01 17:47:00,19.977594428287496,49.73268824008116
2024-01-01 17:48:00,19.96731982776577,49.75449127319885
2024-01-01 17:49:00,20.01456386375669,49.77629898694741
2024-01-01 17:50:00,20.01811028770648,49.79811096556216
2024-01-01 17:51:00,20.02699433994715,49.81992679319711
2024-01-01 17:52:00,20.03483328971398,49.84174605393287
2024-01-01 17:53:00,19.97802207937599,49.86356833178463
2024-01-01 17:54:00,20.03429056144155,49.88539321071003
2024-01-01 17:55:00,20.023418457855822,49.90722027461713
2024-01-01 17:56:00,19.981364444758125,49.92904910737234
2024-01-01 17:57:00,20.00607449604002,49.950879292808345
2024-01-01 17:58:00,20.034511792529496,49.97271041473203
2024-01-01 17:59:00,20.020593515191038,49.99454205693244
2024-01-01 18:00:00,19.98620292398213,50.016373803188685
2024-01-01 18:01:00,20.01486371763134,50.03820523727791
2024-01-01 18:02:00,19.97635748221768,50.06003594298319
2024-01-01 18:03:00,19.99081213913823,50.08186550410152
2024-01-01 18:04:00,19.992706022512824,50.10369350445167
2024-01-01 18:05:00,19.997033886434416,50.12551952788221
2024-01-01 18:06:00,20.017812557490792,50.14734315827936
2024-01-01 18:07:00,20.006123246139015,50.169163979575
2024-01-01 18:08:00,20.026852220239846,50.19098157575456
2024-01-01 18:09:00,19.955728058567022,50.21279553086492
2024-01-01 18:10:00,19.90799740350903,50.23460542902243
2024-01-01 18:11:00,19.949182304280914,50.25641085442075
2024-01-01 18:12:00,19.98789491700516,50.27821139133882
2024-01-01 18:13:00,20.0702918668166,50.30000662414879
2024-01-01 18:14:00,19.948801550430282,50.32179613732391
2024-01-01 18:15:00,19.993611280521097,50.3435795154465
2024-01-01 18:16:00,20.02611556588232,50.36535634321584
2024-01-01 18:17:00,20.019227494158606,50.38712620545609
2024-01-01 18:18:00,19.998772976352342,50.40888868712419
2024-01-01 18:19:00,20.038834837093244,50.43064337331782
2024-01-01 18:20:00,20.005438676416933,50.452389849283264
2024-01-01 18:21:00,20.00383991491,50.47412770042334
2024-01-01 18:22:00,20.02296724943832,50.49585651230529
2024-01-01 18:23:00,20.070378251021776,50.5175758706687
2024-01-01 18:24:00,20.022101193047487,50.539285361433386
2024-01-01 18:25:00,20.036582768837395,50.56098457070728
2024-01-01 18:26:00,20.03073893497503,50.58267308479436
2024-01-01 18:27:00,20.0137620358586,50.60435049020246
2024-01-01 18:28:00,19.997239543548456,50.62601637365124
2024-01-01 18:29:00,20.02483165140314,50.64767032208002
2024-01-01 18:30:00,20.020341647008458,50.669311922655645
2024-01-01 18:31:00,20.011973877083104,50.69094076278039
2024-01-01 18:32:00,20.01362533511844,50.7125564300998
2024-01-01 18:33:00,20.023435132240277,50.73415851251056
2024-01-01 18:34:00,20.02030772411454,50.75574659816835
2024-01-01 18:35:00,20.025115400929728,50.77732027549572
2024-01-01 18:36:00,19.97425688041981,50.79887913318987
2024-01-01 18:37:00,20.05283547428445,50.820422760230585
2024-01-01 18:38:00,20.03674268699924,50.84195074588799
2024-01-01 18:39:00,20.03170109437977,50.863462679730425
2024-01-01 18:40:00,20.04046357221262,50.88495815163227
2024-01-01 18:41:00,20.042808253931852,50.906436751781726
2024-01-01 18:42:00,20.05377665571493,50.92789807068868
2024-01-01 18:43:00,20.012187153632983,50.94934169919246
2024-01-01 18:44:00,20.016142161420483,50.97076722846969
2024-01-01 18:45:00,20.03540007742998,50.99217425004205
2024-01-01 18:46:00,19.994898864881243,51.013562355784046
2024-01-01 18:47:00,20.04032130156774,51.03493113793085
2024-01-01 18:48:00,20.013258493935936,51.056280189086
2024-01-01 18:49:00,20.078882889249073,51.077609102229246
2024-01-01 18:50:00,20.08573664708311,51.09891747072425
2024-01-01 18:51:00,20.038458073874374,51.12020488832635
2024-01-01 18:52:00,20.063608635474104,51.14147094919033
2024-01-01 18:53:00,20.033058200018186,51.162715247878126
2024-01-01 18:54:00,20.009560949960076,51.18393737936658
2024-01-01 18:55:00,20.069617735444922,51.205136939055166
2024-01-01 18:56:00,20.066463841854613,51.22631352277365
2024-01-01 18:57:00,20.08582179601184,51.247466726789874
2024-01-01 18:58:00,20.083366482252394,51.26859614781739
2024-01-01 18:59:00,20.043234087710353,51.2897013830232
2024-01-01 19:00:00,20.039801181642346,51.31078203003539
2024-01-01 19:01:00,20.092124719197827,51.331837686950806
2024-01-01 19:02:00,20.09890787121889,51.35286795234277
2024-01-01 19:03:00,20.08083381314841,51.37387242526866
2024-01-01 19:04:00,20.071210155388453,51.394850705277605
2024-01-01 19:05:00,20.077871089085455,51.41580239241811
2024-01-01 19:06:00,20.089325929053206,51.43672708724564
2024-01-01 19:07:00,20.08051494300023,51.457624390830304
2024-01-01 19:08:00,20.081389563416973,51.47849390476441
2024-01-01 19:09:00,20.05181377530026,51.49933523117009
2024-01-01 19:10:00,20.095897194325364,51.52014797270685
2024-01-01 19:11:00,20.113360999845288,51.54093173257919
2024-01-01 19:12:00,20.1158546159514,51.56168611454413
2024-01-01 19:13:00,20.09483206652794,51.58241072291878
2024-01-01 19:14:00,20.16961236231487,51.6031051625879
2024-01-01 19:15:00,20.065622321004252,51.62376903901141
2024-01-01 19:16:00,20.090770315516764,51.64440195823191
2024-01-01 19:17:00,20.147011901011894,51.6650035268822
2024-01-01 19:18:00,20.096456504852927,51.6855733521928
2024-01-01 19:19:00,20.104932203639173,51.70611104199941
2024-01-01 19:20:00,20.10542607608022,51.72661620475037
2024-01-01 19:21:00,20.122812153333495,51.74708844951417
2024-01-01 19:22:00,20.131741211821904,51.767527385986895
2024-01-01 19:23:00,20.152151553932633,51.787932624499625
2024-01-01 19:24:00,20.10288878569047,51.80830377602592
2024-01-01 19:25:00,20.124443623631795,51.82864045218918
2024-01-01 19:26:00,20.187238497025064,51.8489422652701
2024-01-01 19:27:00,20.151325552679396,51.86920882821403
2024-01-01 19:28:00,20.187872607110876,51.88943975463838
2024-01-01 19:29:00,20.141320920084933,51.90963465883996
2024-01-01 19:30:00,20.146274665557314,51.92979315580234
2024-01-01 19:31:00,20.153561761328653,51.9499148612032
2024-01-01 19:32:00,20.177265176446813,51.96999939142166
2024-01-01 19:33:00,20.197864668533672,51.99004636354557
2024-01-01 19:34:00,20.19770804273482,52.01005539537885
2024-01-01 19:35:00,20.20748304284932,52.03002610544873
2024-01-01 19:36:00,20.166002952493297,52.04995811301304
2024-01-01 19:37:00,20.187856441249945,52.06985103806751
2024-01-01 19:38:00,20.21936297948606,52.08970450135294
2024-01-01 19:39:00,20.17917377854785,52.10951812436249
2024-01-01 19:40:00,20.205522460567945,52.12929152934888
2024-01-01 19:41:00,20.21022493911307,52.149024339331575
2024-01-01 19:42:00,20.148424838592526,52.16871617810399
2024-01-01 19:43:00,20.224044017738176,52.18836667024066
2024-01-01 19:44:00,20.18111198711499,52.2079754411044
2024-01-01 19:45:00,20.206958573693857,52.22754211685341
2024-01-01 19:46:00,20.164616340236073,52.24706632444848
2024-01-01 19:47:00,20.196778672740795,52.26654769166003
2024-01-01 19:48:00,20.228856363449832,52.285985847075246
2024-01-01 19:49:00,20.170310961642222,52.30538042010512
2024-01-01 19:50:00,20.24238622966821,52.3247310409916
2024-01-01 19:51:00,20.224677801784104,52.34403734081451
2024-01-01 19:52:00,20.295534542328184,52.36329895149871
2024-01-01 19:53:00,20.221479296273856,52.38251550582105
2024-01-01 19:54:00,20.24944725179016,52.40168663741736
2024-01-01 19:55:00,20.309112153725803,52.42081198078948
2024-01-01 19:56:00,20.261373226769553,52.43989117131219
2024-01-01 19:57:00,20.272234539138676,52.458923845240186
2024-01-01 19:58:00,20.268343046641192,52.47790963971498
2024-01-01 19:59:00,20.35181219161662,52.49684819277188
2024-01-01 20:00:00,20.262587573661442,52.51573914334681
2024-01-01 20:01:00,20.30414896310656,52.53458213128328
2024-01-01 20:02:00,20.30339189853542,52.553376797339176
2024-01-01 20:03:00,20.261462951263532,52.572122783193656
2024-01-01 20:04:00,20.303557446680216,52.59081973145397
2024-01-01 20:05:00,20.304925769162878,52.609467285662255
2024-01-01 20:06:00,20.32300289433776,52.62806509030237
2024-01-01 20:07:00,20.342996942354677,52.64661279080664
2024-01-01 20:08:00,20.279429113615866,52.66511003356261
2024-01-01 20:09:00,20.290439779036625,52.68355646591984
2024-01-01 20:10:00,20.33378867589852,52.70195173619656
2024-01-01 20:11:00,20.304764842109737,52.72029549368643
2024-01-01 20:12:00,20.306298705981654,52.73858738866517
2024-01-01 20:13:00,20.29191783138312,52.75682707239729
2024-01-01 20:14:00,20.369177114490675,52.77501419714272
2024-01-01 20:15:00,20.33499766872638,52.79314841616337
2024-01-01 20:16:00,20.362669198743166,52.81122938372987
2024-01-01 20:17:00,20.349254628723394,52.82925675512804
2024-01-01 20:18:00,20.350314117270774,52.84723018666554
2024-01-01 20:19:00,20.32317883355581,52.86514933567838
2024-01-01 20:20:00,20.39243501170902,52.88301386053748
2024-01-01 20:21:00,20.334375441215347,52.90082342065516
2024-01-01 20:22:00,20.405217860264237,52.91857767649164
2024-01-01 20:23:00,20.414899066922295,52.93627628956154
2024-01-01 20:24:00,20.39631343948142,52.953918922440295
2024-01-01 20:25:00,20.42364572485747,52.9715052387706
2024-01-01 20:26:00,20.376718095437578,52.98903490326884
2024-01-01 20:27:00,20.373631914128477,53.00650758173145
2024-01-01 20:28:00,20.410697709013853,53.02392294104133
2024-01-01 20:29:00,20.39640760021399,53.04128064917416
2024-01-01 20:30:00,20.425304350878985,53.05858037520473
2024-01-01 20:31:00,20.435526104361344,53.07582178931327
2024-01-01 20:32:00,20.42608436946275,53.09300456279173
2024-01-01 20:33:00,20.43488081358127,53.110128368050056
2024-01-01 20:34:00,20.436483253741915,53.1271928786224
2024-01-01 20:35:00,20.480666702233968,53.14419776917338
2024-01-01 20:36:00,20.520580348304303,53.16114271550428
2024-01-01 20:37:00,20.456199830850018,53.17802739455921
2024-01-01 20:38:00,20.46533802646499,53.19485148443129
2024-01-01 20:39:00,20.445145562553225,53.21161466436876
2024-01-01 20:40:00,20.46675752243023,53.22831661478112
2024-01-01 20:41:00,20.48360476499612,53.24495701724521
2024-01-01 20:42:00,20.44127149331692,53.26153555451128
2024-01-01 20:43:00,20.489372194219058,53.27805191050905
2024-01-01 20:44:00,20.47805478358566,53.29450577035371
2024-01-01 20:45:00,20.547566747313773,53.31089682035197
2024-01-01 20:46:00,20.558194376112546,53.32722474800797
2024-01-01 20:47:00,20.493476248510238,53.343489242029335
2024-01-01 20:48:00,20.51202340235239,53.359689992333
2024-01-01 20:49:00,20.470379748164447,53.37582669005121
2024-01-01 20:50:00,20.5582598017832,53.39189902753736
2024-01-01 20:51:00,20.5704935216696,53.40790669837188
2024-01-01 20:52:00,20.516672054079205,53.42384939736806
2024-01-01 20:53:00,20.504254478284697,53.439726820577896
2024-01-01 20:54:00,20.60375223161994,53.45553866529786
2024-01-01 20:55:00,20.57059543427529,53.47128463007469
2024-01-01 20:56:00,20.53806613658014,53.4869644147111
2024-01-01 20:57:00,20.60002121467553,53.50257772027157
2024-01-01 20:58:00,20.562733121800303,53.518124249087975
2024-01-01 20:59:00,20.58557201065602,53.533603704765305
2024-01-01 21:00:00,20.548766325583212,53.54901579218729
2024-01-01 21:01:00,20.631764145397838,53.56436021752205
2024-01-01 21:02:00,20.592431708757168,53.57963668822767
2024-01-01 21:03:00,20.67298994792891,53.59484491305779
2024-01-01 21:04:00,20.60966013354847,53.60998460206721
2024-01-01 21:05:00,20.585446379700155,53.62505546661729
2024-01-01 21:06:00,20.636853159451515,53.64005721938158
2024-01-01 21:07:00,20.606185922266015,53.65498957435124
2024-01-01 21:08:00,20.636046578823088,53.66985224684049
2024-01-01 21:09:00,20.66947665171105,53.68464495349207
2024-01-01 21:10:00,20.676920766870154,53.69936741228258
2024-01-01 21:11:00,20.6641969957739,53.71401934252795
2024-01-01 21:12:00,20.606536197764708,53.7286004648887
2024-01-01 21:13:00,20.668016228096693,53.74311050137531
2024-01-01 21:14:00,20.618903355849408,53.75754917535354
2024-01-01 21:15:00,20.687611891502588,53.77191621154964
2024-01-01 21:16:00,20.67830721204499,53.78621133605566
2024-01-01 21:17:00,20.686233753187803,53.800434276334656
2024-01-01 21:18:00,20.68707666693742,53.814584761225845
2024-01-01 21:19:00,20.71998704006512,53.828662520949855
2024-01-01 21:20:00,20.69243510614218,53.84266728711377
2024-01-01 21:21:00,20.67601723363176,53.85659879271634
2024-01-01 21:22:00,20.77923910503757,53.87045677215301
2024-01-01 21:23:00,20.75528473927296,53.88424096122101
2024-01-01 21:24:00,20.730773078959473,53.89795109712438
2024-01-01 21:25:00,20.77845861421095,53.91158691847898
2024-01-01 21:26:00,20.77457034248557,53.925148165317495
2024-01-01 21:27:00,20.780846515154508,53.93863457909437
2024-01-01 21:28:00,20.793139211750468,53.95204590269074
2024-01-01 21:29:00,20.82290602944222,53.965381880419336
2024-01-01 21:30:00,20.776797148910774,53.97864225802937
2024-01-01 21:31:00,20.8017142133522,53.99182678271135
2024-01-01 21:32:00,20.753261247442563,54.00493520310195
2024-01-01 21:33:00,20.785229471978507,54.01796726928876
2024-01-01 21:34:00,20.816774487855447,54.03092273281506
2024-01-01 21:35:00,20.807030068574704,54.043801346684575
2024-01-01 21:36:00,20.828047742975436,54.05660286536616
2024-01-01 21:37:00,20.864405283886743,54.0693270447985
2024-01-01 21:38:00,20.88584711892063,54.08197364239476
2024-01-01 21:39:00,20.863213994730685,54.09454241704717
2024-01-01 21:40:00,20.860788347392937,54.10703312913172
2024-01-01 21:41:00,20.88193249246518,54.11944554051259
2024-01-01 21:42:00,20.8573674353549,54.13177941454683
2024-01-01 21:43:00,20.919695489948044,54.144034516088766
2024-01-01 21:44:00,20.859758611010548,54.15621061149455
2024-01-01 21:45:00,20.941037796456154,54.168307468626566
2024-01-01 21:46:00,20.884525147717646,54.18032485685789
2024-01-01 21:47:00,20.939509408121722,54.19226254707667
2024-01-01 21:48:00,20.92904720542965,54.20412031169052
2024-01-01 21:49:00,20.968017346492125,54.2158979246308
2024-01-01 21:50:00,20.954176497531666,54.22759516135698
2024-01-01 21:51:00,20.96697590638354,54.23921179886092
2024-01-01 21:52:00,20.937258354949144,54.250747615671095
2024-01-01 21:53:00,21.00190218219997,54.26220239185683
2024-01-01 21:54:00,20.990965984968486,54.27357590903248
2024-01-01 21:55:00,20.9910674748485,54.28486795036163
2024-01-01 21:56:00,20.92177027079348,54.29607830056118
2024-01-01 21:57:00,20.99269262030373,54.30720674590548
2024-01-01 21:58:00,20.975640014567823,54.31825307423042
2024-01-01 21:59:00,20.994727613785876,54.32921707493742
2024-01-01 22:00:00,20.99791301878072,54.340098538997495
2024-01-01 22:01:00,21.030276323052,54.35089725895523
2024-01-01 22:02:00,21.030536004334717,54.36161302893272
2024-01-01 22:03:00,21.085451073017726,54.372245644633495
2024-01-01 22:04:00,21.011730356811114,54.38279490334645
2024-01-01 22:05:00,21.10798925865217,54.39326060394965
2024-01-01 22:06:00,21.03727420901613,54.40364254691423
2024-01-01 22:07:00,21.07589020527882,54.41394053430814
2024-01-01 22:08:00,21.07616330985699,54.424154369799965
2024-01-01 22:09:00,21.076011251043226,54.43428385866263
2024-01-01 22:10:00,21.057745857862948,54.444328807777154
2024-01-01 22:11:00,21.101976959535637,54.454289025636285
2024-01-01 22:12:00,21.055129461000536,54.4641643223482
2024-01-01 22:13:00,21.13193060939032,54.47395450964006
2024-01-01 22:14:00,21.11580995978121,54.48365940086169
2024-01-01 22:15:00,21.141416848809556,54.49327881098905
2024-01-01 22:16:00,21.08127599544881,54.502812556627816
2024-01-01 22:17:00,21.19425055478603,54.51226045601685
2024-01-01 22:18:00,21.1556964052145,54.5216223290317
2024-01-01 22:19:00,21.15331230207292,54.53089799718797
2024-01-01 22:20:00,21.168097702525348,54.54008728364478
2024-01-01 22:21:00,21.18154413022901,54.54919001320813
2024-01-01 22:22:00,21.150006684540067,54.55820601233423
2024-01-01 22:23:00,21.187183911834932,54.56713510913279
2024-01-01 22:24:00,21.170144357087324,54.57597713337032
2024-01-01 22:25:00,21.18788311982274,54.58473191647338
2024-01-01 22:26:00,21.265142222772422,54.59339929153179
2024-01-01 22:27:00,21.242670275916762,54.601979093301786
2024-01-01 22:28:00,21.19339003796482,54.61047115820921
2024-01-01 22:29:00,21.286665724326248,54.618875324352594
2024-01-01 22:30:00,21.251438182924822,54.62719143150628
2024-01-01 22:31:00,21.238135543072875,54.63541932112344
2024-01-01 22:32:00,21.258988816768916,54.64355883633913
2024-01-01 22:33:00,21.28970835928738,54.65160982197326
2024-01-01 22:34:00,21.280424330648934,54.659572124533554
2024-01-01 22:35:00,21.30164273191044,54.6674455922185
2024-01-01 22:36:00,21.251388923224926,54.675230074920194
2024-01-01 22:37:00,21.325672347482573,54.682925424227264
2024-01-01 22:38:00,21.331494132384737,54.69053149342765
2024-01-01 22:39:00,21.291653944834223,54.69804813751143
2024-01-01 22:40:00,21.323667966259485,54.70547521317357
2024-01-01 22:41:00,21.376582114200332,54.71281257881666
2024-01-01 22:42:00,21.31249090165338,54.72006009455361
2024-01-01 22:43:00,21.356480948563636,54.72721762221033
2024-01-01 22:44:00,21.42584556726676,54.73428502532836
2024-01-01 22:45:00,21.341176341008016,54.74126216916744
2024-01-01 22:46:00,21.373089435089746,54.74814892070814
2024-01-01 22:47:00,21.39952632708988,54.754945148654336
2024-01-01 22:48:00,21.420936776336386,54.76165072343576
2024-01-01 22:49:00,21.34355976728893,54.768265517210416
2024-01-01 22:50:00,21.40240287479168,54.774789403867096
2024-01-01 22:51:00,21.407074060984478,54.7812222590277
2024-01-01 22:52:00,21.423511299354253,54.78756396004966
2024-01-01 22:53:00,21.47485477896076,54.79381438602828
2024-01-01 22:54:00,21.43487424608084,54.799973417799
2024-01-01 22:55:00,21.42197064293042,54.8060409379397
2024-01-01 22:56:00,21.456904276762273,54.81201683077294
2024-01-01 22:57:00,21.451461515258323,54.81790098236816
2024-01-01 22:58:00,21.499343818755175,54.82369328054383
2024-01-01 22:59:00,21.49568657411408,54.82939361486963
2024-01-01 23:00:00,21.527411298924733,54.835001876668514
2024-01-01 23:01:00,21.486479679716798,54.840517959018825
2024-01-01 23:02:00,21.504865013661277,54.84594175675628
2024-01-01 23:03:00,21.557850615554006,54.85127316647603
2024-01-01 23:04:00,21.545525932808577,54.85651208653459
2024-01-01 23:05:00,21.51736864530148,54.86165841705181
2024-01-01 23:06:00,21.53865316282198,54.86671205991274
2024-01-01 23:07:00,21.52480271388947,54.87167291876955
2024-01-01 23:08:00,21.581755252941463,54.87654089904331
2024-01-01 23:09:00,21.57096337093691,54.881315907925845
2024-01-01 23:10:00,21.563310112978915,54.88599785438147
2024-01-01 23:11:00,21.56065857542028,54.89058664914874
2024-01-01 23:12:00,21.60317190149121,54.89508220474217
2024-01-01 23:13:00,21.616349692177728,54.89948443545384
2024-01-01 23:14:00,21.61621366213617,54.90379325735511
2024-01-01 23:15:00,21.6046083628853,54.90800858829817
2024-01-01 23:16:00,21.600223728642643,54.9121303479176
2024-01-01 23:17:00,21.651910869317028,54.91615845763196
2024-01-01 23:18:00,21.652687781911606,54.9200928406452
2024-01-01 23:19:00,21.67060678174674,54.923933421948206
2024-01-01 23:20:00,21.689494880052152,54.92768012832018
2024-01-01 23:21:00,21.681432860372695,54.93133288833008
2024-01-01 23:22:00,21.655998205209492,54.93489163233789
2024-01-01 23:23:00,21.728061190571022,54.9383562924961
2024-01-01 23:24:00,21.687768181862324,54.94172680275084
2024-01-01 23:25:00,21.739383761927176,54.94500309884324
2024-01-01 23:26:00,21.767751238005232,54.94818511831062
2024-01-01 23:27:00,21.714317774668807,54.95127280048769
2024-01-01 23:28:00,21.739773697893572,54.95426608650771
2024-01-01 23:29:00,21.74704354659776,54.95716491930358
2024-01-01 23:30:00,21.7684207793232,54.95996924360898
2024-01-01 23:31:00,21.7977913833956,54.96267900595939
2024-01-01 23:32:00,21.795696353231598,54.96529415469311
2024-01-01 23:33:00,21.795876794130745,54.967814639952245
2024-01-01 23:34:00,21.794786619239474,54.97024041368369
2024-01-01 23:35:00,21.807253724336267,54.972571429639984
2024-01-01 23:36:00,21.77333761317228,54.97480764338025
2024-01-01 23:37:00,21.84971273200888,54.97694901227101
2024-01-01 23:38:00,21.77220356964056,54.978995495487005
2024-01-01 23:39:00,21.846147249285174,54.98094705401197
2024-01-01 23:40:00,21.782403234849085,54.98280365063938
2024-01-01 23:41:00,21.896047925167434,54.98456524997319
2024-01-01 23:42:00,21.86361943908554,54.98623181842843
2024-01-01 23:43:00,21.820693265413915,54.98780332423195
2024-01-01 23:44:00,21.853520335149195,54.989279737422926
2024-01-01 23:45:00,21.88887236584429,54.99066102985351
2024-01-01 23:46:00,21.866697133128415,54.99194717518932
2024-01-01 23:47:00,21.88027369705022,54.99313814890996
2024-01-01 23:48:00,21.883644418127645,54.99423392830948
2024-01-01 23:49:00,21.929723703198054,54.99523449249682
2024-01-01 23:50:00,21.918814286068535,54.99613982239618
2024-01-01 23:51:00,21.962484216213074,54.99694990074744
2024-01-01 23:52:00,21.876177065166065,54.99766471210642
2024-01-01 23:53:00,21.949186367240877,54.99828424284523
2024-01-01 23:54:00,21.936296760319955,54.99880848115249
2024-01-01 23:55:00,21.95709709326612,54.999237417033584
2024-01-01 23:56:00,21.95590860064553,54.99957104231083
2024-01-01 23:57:00,22.03286281926986,54.99980935062368
2024-01-01 23:58:00,22.03773991083703,54.999952337428745
2024-01-01 23:59:00,22.01797742844761,55.0
